--
-- PostgreSQL database dump
--

-- Dumped from database version 13.9
-- Dumped by pg_dump version 13.9

SET statement_timeout = 0;
SET lock_timeout = 0;
SET idle_in_transaction_session_timeout = 0;
SET client_encoding = 'UTF8';
SET standard_conforming_strings = on;
SELECT pg_catalog.set_config('search_path', '', false);
SET check_function_bodies = false;
SET xmloption = content;
SET client_min_messages = warning;
SET row_security = off;

SET default_tablespace = '';

SET default_table_access_method = heap;

--
-- Name: AccessoryImage; Type: TABLE; Schema: public; Owner: leo_admin
--

CREATE TABLE public."AccessoryImage" (
    id bigint NOT NULL,
    image_type character varying(200) NOT NULL,
    name character varying(100) NOT NULL,
    path character varying(200) NOT NULL,
    description text NOT NULL,
    created_at timestamp with time zone NOT NULL,
    updated_at timestamp with time zone NOT NULL,
    accessory_id bigint NOT NULL
);


ALTER TABLE public."AccessoryImage" OWNER TO leo_admin;

--
-- Name: AccessoryImage_id_seq; Type: SEQUENCE; Schema: public; Owner: leo_admin
--

ALTER TABLE public."AccessoryImage" ALTER COLUMN id ADD GENERATED BY DEFAULT AS IDENTITY (
    SEQUENCE NAME public."AccessoryImage_id_seq"
    START WITH 1
    INCREMENT BY 1
    NO MINVALUE
    NO MAXVALUE
    CACHE 1
);


--
-- Name: AccessoryInfo; Type: TABLE; Schema: public; Owner: leo_admin
--

CREATE TABLE public."AccessoryInfo" (
    id bigint NOT NULL,
    slug character varying(200) NOT NULL,
    name character varying(100) NOT NULL,
    type character varying(100) NOT NULL,
    price numeric(5,2) NOT NULL,
    description text NOT NULL,
    color character varying(200) NOT NULL,
    created_at timestamp with time zone NOT NULL,
    updated_at timestamp with time zone NOT NULL
);


ALTER TABLE public."AccessoryInfo" OWNER TO leo_admin;

--
-- Name: AccessoryInfo_id_seq; Type: SEQUENCE; Schema: public; Owner: leo_admin
--

ALTER TABLE public."AccessoryInfo" ALTER COLUMN id ADD GENERATED BY DEFAULT AS IDENTITY (
    SEQUENCE NAME public."AccessoryInfo_id_seq"
    START WITH 1
    INCREMENT BY 1
    NO MINVALUE
    NO MAXVALUE
    CACHE 1
);


--
-- Name: Address; Type: TABLE; Schema: public; Owner: leo_admin
--

CREATE TABLE public."Address" (
    id bigint NOT NULL,
    full_name character varying(50) NOT NULL,
    phone character varying(128) NOT NULL,
    address character varying(200) NOT NULL,
    city character varying(50) NOT NULL,
    province_state character varying(50) NOT NULL,
    country character varying(50) NOT NULL,
    post_code character varying(10) NOT NULL,
    instruction text NOT NULL,
    created_at timestamp with time zone NOT NULL,
    updated_at timestamp with time zone NOT NULL
);


ALTER TABLE public."Address" OWNER TO leo_admin;

--
-- Name: Address_id_seq; Type: SEQUENCE; Schema: public; Owner: leo_admin
--

ALTER TABLE public."Address" ALTER COLUMN id ADD GENERATED BY DEFAULT AS IDENTITY (
    SEQUENCE NAME public."Address_id_seq"
    START WITH 1
    INCREMENT BY 1
    NO MINVALUE
    NO MAXVALUE
    CACHE 1
);


--
-- Name: CompleteSet; Type: TABLE; Schema: public; Owner: leo_admin
--

CREATE TABLE public."CompleteSet" (
    id bigint NOT NULL,
    created_at timestamp with time zone NOT NULL,
    updated_at timestamp with time zone NOT NULL,
    frame_id bigint NOT NULL,
    order_id bigint,
    coating_id bigint,
    color_id bigint,
    density_id bigint,
    index_id bigint,
    usage_id bigint,
    sub_color character varying(50),
    sub_total numeric(5,2) NOT NULL
);


ALTER TABLE public."CompleteSet" OWNER TO leo_admin;

--
-- Name: Coupon; Type: TABLE; Schema: public; Owner: leo_admin
--

CREATE TABLE public."Coupon" (
    id bigint NOT NULL,
    code character varying(50) NOT NULL,
    description text,
    img_url character varying(200),
    expire_date date,
    online boolean NOT NULL,
    frame_discount_type character varying(50) NOT NULL,
    frame_discount_amount numeric(5,2) NOT NULL,
    lens_discount_type character varying(50) NOT NULL,
    lens_discount_amount numeric(5,2) NOT NULL,
    shipping_discount_type character varying(50) NOT NULL,
    shipping_discount_amount numeric(5,2) NOT NULL,
    order_discount_type character varying(50) NOT NULL,
    order_discount_amount numeric(5,2) NOT NULL,
    created_at timestamp with time zone NOT NULL,
    updated_at timestamp with time zone NOT NULL
);


ALTER TABLE public."Coupon" OWNER TO leo_admin;

--
-- Name: Coupon_applied_product; Type: TABLE; Schema: public; Owner: leo_admin
--

CREATE TABLE public."Coupon_applied_product" (
    id bigint NOT NULL,
    coupon_id bigint NOT NULL,
    productinstance_id bigint NOT NULL
);


ALTER TABLE public."Coupon_applied_product" OWNER TO leo_admin;

--
-- Name: Coupon_applied_product_id_seq; Type: SEQUENCE; Schema: public; Owner: leo_admin
--

ALTER TABLE public."Coupon_applied_product" ALTER COLUMN id ADD GENERATED BY DEFAULT AS IDENTITY (
    SEQUENCE NAME public."Coupon_applied_product_id_seq"
    START WITH 1
    INCREMENT BY 1
    NO MINVALUE
    NO MAXVALUE
    CACHE 1
);


--
-- Name: Coupon_id_seq; Type: SEQUENCE; Schema: public; Owner: leo_admin
--

ALTER TABLE public."Coupon" ALTER COLUMN id ADD GENERATED BY DEFAULT AS IDENTITY (
    SEQUENCE NAME public."Coupon_id_seq"
    START WITH 1
    INCREMENT BY 1
    NO MINVALUE
    NO MAXVALUE
    CACHE 1
);


--
-- Name: Coupon_valid_customer; Type: TABLE; Schema: public; Owner: leo_admin
--

CREATE TABLE public."Coupon_valid_customer" (
    id bigint NOT NULL,
    coupon_id bigint NOT NULL,
    customerinfo_id bigint NOT NULL
);


ALTER TABLE public."Coupon_valid_customer" OWNER TO leo_admin;

--
-- Name: Coupon_valid_customer_id_seq; Type: SEQUENCE; Schema: public; Owner: leo_admin
--

ALTER TABLE public."Coupon_valid_customer" ALTER COLUMN id ADD GENERATED BY DEFAULT AS IDENTITY (
    SEQUENCE NAME public."Coupon_valid_customer_id_seq"
    START WITH 1
    INCREMENT BY 1
    NO MINVALUE
    NO MAXVALUE
    CACHE 1
);


--
-- Name: CustomerInfo; Type: TABLE; Schema: public; Owner: leo_admin
--

CREATE TABLE public."CustomerInfo" (
    id bigint NOT NULL,
    password character varying(128) NOT NULL,
    last_login timestamp with time zone,
    is_superuser boolean NOT NULL,
    username character varying(254) NOT NULL,
    first_name character varying(100) NOT NULL,
    last_name character varying(100) NOT NULL,
    phone character varying(128) NOT NULL,
    ip_address character varying(100),
    is_active boolean NOT NULL,
    gender character varying(15) NOT NULL,
    birth_date date,
    icon_url character varying(100),
    store_credit integer NOT NULL,
    level integer NOT NULL,
    in_blacklist boolean NOT NULL,
    created_at timestamp with time zone NOT NULL,
    updated_at timestamp with time zone NOT NULL,
    is_staff boolean NOT NULL,
    saved_prescription_id bigint,
    date_joined timestamp with time zone NOT NULL,
    email character varying(254) NOT NULL
);


ALTER TABLE public."CustomerInfo" OWNER TO leo_admin;

--
-- Name: CustomerInfo_groups; Type: TABLE; Schema: public; Owner: leo_admin
--

CREATE TABLE public."CustomerInfo_groups" (
    id bigint NOT NULL,
    customerinfo_id bigint NOT NULL,
    group_id integer NOT NULL
);


ALTER TABLE public."CustomerInfo_groups" OWNER TO leo_admin;

--
-- Name: CustomerInfo_groups_id_seq; Type: SEQUENCE; Schema: public; Owner: leo_admin
--

ALTER TABLE public."CustomerInfo_groups" ALTER COLUMN id ADD GENERATED BY DEFAULT AS IDENTITY (
    SEQUENCE NAME public."CustomerInfo_groups_id_seq"
    START WITH 1
    INCREMENT BY 1
    NO MINVALUE
    NO MAXVALUE
    CACHE 1
);


--
-- Name: CustomerInfo_id_seq; Type: SEQUENCE; Schema: public; Owner: leo_admin
--

ALTER TABLE public."CustomerInfo" ALTER COLUMN id ADD GENERATED BY DEFAULT AS IDENTITY (
    SEQUENCE NAME public."CustomerInfo_id_seq"
    START WITH 1
    INCREMENT BY 1
    NO MINVALUE
    NO MAXVALUE
    CACHE 1
);


--
-- Name: CustomerInfo_user_permissions; Type: TABLE; Schema: public; Owner: leo_admin
--

CREATE TABLE public."CustomerInfo_user_permissions" (
    id bigint NOT NULL,
    customerinfo_id bigint NOT NULL,
    permission_id integer NOT NULL
);


ALTER TABLE public."CustomerInfo_user_permissions" OWNER TO leo_admin;

--
-- Name: CustomerInfo_user_permissions_id_seq; Type: SEQUENCE; Schema: public; Owner: leo_admin
--

ALTER TABLE public."CustomerInfo_user_permissions" ALTER COLUMN id ADD GENERATED BY DEFAULT AS IDENTITY (
    SEQUENCE NAME public."CustomerInfo_user_permissions_id_seq"
    START WITH 1
    INCREMENT BY 1
    NO MINVALUE
    NO MAXVALUE
    CACHE 1
);


--
-- Name: CustomerSavedAddress; Type: TABLE; Schema: public; Owner: leo_admin
--

CREATE TABLE public."CustomerSavedAddress" (
    id bigint NOT NULL,
    address character varying(200) NOT NULL,
    customer_id bigint,
    city character varying(50) NOT NULL,
    country character varying(50) NOT NULL,
    created_at timestamp with time zone NOT NULL,
    full_name character varying(50) NOT NULL,
    instruction text NOT NULL,
    phone character varying(128) NOT NULL,
    post_code character varying(10) NOT NULL,
    province_state character varying(50) NOT NULL,
    updated_at timestamp with time zone NOT NULL
);


ALTER TABLE public."CustomerSavedAddress" OWNER TO leo_admin;

--
-- Name: CustomerSavedPayment; Type: TABLE; Schema: public; Owner: leo_admin
--

CREATE TABLE public."CustomerSavedPayment" (
    id bigint NOT NULL,
    payment_method_type character varying(20) NOT NULL,
    token character varying(100) NOT NULL,
    card_brand character varying(20) NOT NULL,
    last4 character varying(4) NOT NULL,
    expiry_date date,
    is_default boolean NOT NULL,
    customer_id bigint
);


ALTER TABLE public."CustomerSavedPayment" OWNER TO leo_admin;

--
-- Name: CustomerSavedPayment_id_seq; Type: SEQUENCE; Schema: public; Owner: leo_admin
--

ALTER TABLE public."CustomerSavedPayment" ALTER COLUMN id ADD GENERATED BY DEFAULT AS IDENTITY (
    SEQUENCE NAME public."CustomerSavedPayment_id_seq"
    START WITH 1
    INCREMENT BY 1
    NO MINVALUE
    NO MAXVALUE
    CACHE 1
);


--
-- Name: LensCoating; Type: TABLE; Schema: public; Owner: leo_admin
--

CREATE TABLE public."LensCoating" (
    id bigint NOT NULL,
    name character varying(50) NOT NULL,
    description text NOT NULL,
    add_on_price numeric(5,2) NOT NULL,
    image_url character varying(4096) NOT NULL,
    created_at timestamp with time zone NOT NULL,
    updated_at timestamp with time zone NOT NULL,
    available_next_lvl character varying(1024)
);


ALTER TABLE public."LensCoating" OWNER TO leo_admin;

--
-- Name: LensCoating_id_seq; Type: SEQUENCE; Schema: public; Owner: leo_admin
--

ALTER TABLE public."LensCoating" ALTER COLUMN id ADD GENERATED BY DEFAULT AS IDENTITY (
    SEQUENCE NAME public."LensCoating_id_seq"
    START WITH 1
    INCREMENT BY 1
    NO MINVALUE
    NO MAXVALUE
    CACHE 1
);


--
-- Name: LensColor; Type: TABLE; Schema: public; Owner: leo_admin
--

CREATE TABLE public."LensColor" (
    id bigint NOT NULL,
    name character varying(50) NOT NULL,
    description text NOT NULL,
    add_on_price numeric(5,2) NOT NULL,
    image_url character varying(4096) NOT NULL,
    available_colors character varying(4096) NOT NULL,
    created_at timestamp with time zone NOT NULL,
    updated_at timestamp with time zone NOT NULL,
    available_next_lvl character varying(1024)
);


ALTER TABLE public."LensColor" OWNER TO leo_admin;

--
-- Name: LensColor_id_seq; Type: SEQUENCE; Schema: public; Owner: leo_admin
--

ALTER TABLE public."LensColor" ALTER COLUMN id ADD GENERATED BY DEFAULT AS IDENTITY (
    SEQUENCE NAME public."LensColor_id_seq"
    START WITH 1
    INCREMENT BY 1
    NO MINVALUE
    NO MAXVALUE
    CACHE 1
);


--
-- Name: LensDensity; Type: TABLE; Schema: public; Owner: leo_admin
--

CREATE TABLE public."LensDensity" (
    id bigint NOT NULL,
    name character varying(50) NOT NULL,
    description text NOT NULL,
    add_on_price numeric(5,2) NOT NULL,
    created_at timestamp with time zone NOT NULL,
    updated_at timestamp with time zone NOT NULL,
    image_url character varying(4096) NOT NULL
);


ALTER TABLE public."LensDensity" OWNER TO leo_admin;

--
-- Name: LensDensity_id_seq; Type: SEQUENCE; Schema: public; Owner: leo_admin
--

ALTER TABLE public."LensDensity" ALTER COLUMN id ADD GENERATED BY DEFAULT AS IDENTITY (
    SEQUENCE NAME public."LensDensity_id_seq"
    START WITH 1
    INCREMENT BY 1
    NO MINVALUE
    NO MAXVALUE
    CACHE 1
);


--
-- Name: LensIndex; Type: TABLE; Schema: public; Owner: leo_admin
--

CREATE TABLE public."LensIndex" (
    id bigint NOT NULL,
    name character varying(50) NOT NULL,
    description text NOT NULL,
    add_on_price numeric(5,2) NOT NULL,
    image_url character varying(4096) NOT NULL,
    created_at timestamp with time zone NOT NULL,
    updated_at timestamp with time zone NOT NULL
);


ALTER TABLE public."LensIndex" OWNER TO leo_admin;

--
-- Name: LensIndex_id_seq; Type: SEQUENCE; Schema: public; Owner: leo_admin
--

ALTER TABLE public."LensIndex" ALTER COLUMN id ADD GENERATED BY DEFAULT AS IDENTITY (
    SEQUENCE NAME public."LensIndex_id_seq"
    START WITH 1
    INCREMENT BY 1
    NO MINVALUE
    NO MAXVALUE
    CACHE 1
);


--
-- Name: LensUsage; Type: TABLE; Schema: public; Owner: leo_admin
--

CREATE TABLE public."LensUsage" (
    id bigint NOT NULL,
    name character varying(50) NOT NULL,
    description text NOT NULL,
    add_on_price numeric(5,2) NOT NULL,
    image_url character varying(4096) NOT NULL,
    created_at timestamp with time zone NOT NULL,
    updated_at timestamp with time zone NOT NULL,
    available_next_lvl character varying(1024)
);


ALTER TABLE public."LensUsage" OWNER TO leo_admin;

--
-- Name: LensUsage_id_seq; Type: SEQUENCE; Schema: public; Owner: leo_admin
--

ALTER TABLE public."LensUsage" ALTER COLUMN id ADD GENERATED BY DEFAULT AS IDENTITY (
    SEQUENCE NAME public."LensUsage_id_seq"
    START WITH 1
    INCREMENT BY 1
    NO MINVALUE
    NO MAXVALUE
    CACHE 1
);


--
-- Name: OrderImage; Type: TABLE; Schema: public; Owner: leo_admin
--

CREATE TABLE public."OrderImage" (
    id bigint NOT NULL,
    image_type character varying(20) NOT NULL,
    name character varying(20) NOT NULL,
    path character varying(200) NOT NULL,
    description text NOT NULL,
    created_at timestamp with time zone NOT NULL,
    updated_at timestamp with time zone NOT NULL,
    order_id bigint NOT NULL
);


ALTER TABLE public."OrderImage" OWNER TO leo_admin;

--
-- Name: OrderImage_id_seq; Type: SEQUENCE; Schema: public; Owner: leo_admin
--

ALTER TABLE public."OrderImage" ALTER COLUMN id ADD GENERATED BY DEFAULT AS IDENTITY (
    SEQUENCE NAME public."OrderImage_id_seq"
    START WITH 1
    INCREMENT BY 1
    NO MINVALUE
    NO MAXVALUE
    CACHE 1
);


--
-- Name: OrderInfo; Type: TABLE; Schema: public; Owner: leo_admin
--

CREATE TABLE public."OrderInfo" (
    id bigint NOT NULL,
    email character varying(254) NOT NULL,
    order_number character varying(20) NOT NULL,
    order_status character varying(50) NOT NULL,
    refound_status character varying(20) NOT NULL,
    refound_amount numeric(5,2) NOT NULL,
    payment_status character varying(50) NOT NULL,
    payment_type character varying(20),
    order_device character varying(50) NOT NULL,
    store_credit_used numeric(5,2) NOT NULL,
    store_credit_gained numeric(5,2) NOT NULL,
    shipping_company character varying(50) NOT NULL,
    tracking_number character varying(50) NOT NULL,
    shipping_cost numeric(5,2) NOT NULL,
    discount numeric(5,2) NOT NULL,
    accessory_total numeric(5,2) NOT NULL,
    sub_total numeric(6,2) NOT NULL,
    total_amount numeric(6,2) NOT NULL,
    comment text NOT NULL,
    issue_order boolean NOT NULL,
    created_at timestamp with time zone NOT NULL,
    updated_at timestamp with time zone NOT NULL,
    address_id bigint
);


ALTER TABLE public."OrderInfo" OWNER TO leo_admin;

--
-- Name: OrderInfo_id_seq; Type: SEQUENCE; Schema: public; Owner: leo_admin
--

ALTER TABLE public."OrderInfo" ALTER COLUMN id ADD GENERATED BY DEFAULT AS IDENTITY (
    SEQUENCE NAME public."OrderInfo_id_seq"
    START WITH 1
    INCREMENT BY 1
    NO MINVALUE
    NO MAXVALUE
    CACHE 1
);


--
-- Name: OrderTax; Type: TABLE; Schema: public; Owner: leo_admin
--

CREATE TABLE public."OrderTax" (
    id bigint NOT NULL,
    tax_number character varying(100) NOT NULL,
    total_amount numeric(5,2) NOT NULL,
    gst numeric(5,2) NOT NULL,
    hst numeric(5,2) NOT NULL,
    qst numeric(5,2) NOT NULL,
    pst numeric(5,2) NOT NULL,
    created_at timestamp with time zone NOT NULL,
    updated_at timestamp with time zone NOT NULL,
    order_id bigint NOT NULL
);


ALTER TABLE public."OrderTax" OWNER TO leo_admin;

--
-- Name: OrderTax_id_seq; Type: SEQUENCE; Schema: public; Owner: leo_admin
--

ALTER TABLE public."OrderTax" ALTER COLUMN id ADD GENERATED BY DEFAULT AS IDENTITY (
    SEQUENCE NAME public."OrderTax_id_seq"
    START WITH 1
    INCREMENT BY 1
    NO MINVALUE
    NO MAXVALUE
    CACHE 1
);


--
-- Name: OrderUpdates; Type: TABLE; Schema: public; Owner: leo_admin
--

CREATE TABLE public."OrderUpdates" (
    id bigint NOT NULL,
    title character varying(50) NOT NULL,
    details text NOT NULL,
    by character varying(50) NOT NULL,
    order_id bigint NOT NULL
);


ALTER TABLE public."OrderUpdates" OWNER TO leo_admin;

--
-- Name: OrderUpdates_id_seq; Type: SEQUENCE; Schema: public; Owner: leo_admin
--

ALTER TABLE public."OrderUpdates" ALTER COLUMN id ADD GENERATED BY DEFAULT AS IDENTITY (
    SEQUENCE NAME public."OrderUpdates_id_seq"
    START WITH 1
    INCREMENT BY 1
    NO MINVALUE
    NO MAXVALUE
    CACHE 1
);


--
-- Name: Order_completeset_id_seq; Type: SEQUENCE; Schema: public; Owner: leo_admin
--

ALTER TABLE public."CompleteSet" ALTER COLUMN id ADD GENERATED BY DEFAULT AS IDENTITY (
    SEQUENCE NAME public."Order_completeset_id_seq"
    START WITH 1
    INCREMENT BY 1
    NO MINVALUE
    NO MAXVALUE
    CACHE 1
);


--
-- Name: Payment; Type: TABLE; Schema: public; Owner: leo_admin
--

CREATE TABLE public."Payment" (
    id bigint NOT NULL,
    transaction_id character varying(50) NOT NULL,
    payment_gateway character varying(20) NOT NULL,
    payment_method character varying(20) NOT NULL,
    transaction_amount numeric(10,2) NOT NULL,
    currency character varying(10) NOT NULL,
    transaction_status character varying(20) NOT NULL,
    transaction_date timestamp with time zone NOT NULL,
    payer_email character varying(254) NOT NULL,
    gateway_transaction_id character varying(100) NOT NULL,
    payment_response jsonb,
    customer_id bigint,
    order_id bigint
);


ALTER TABLE public."Payment" OWNER TO leo_admin;

--
-- Name: Payment_id_seq; Type: SEQUENCE; Schema: public; Owner: leo_admin
--

ALTER TABLE public."Payment" ALTER COLUMN id ADD GENERATED BY DEFAULT AS IDENTITY (
    SEQUENCE NAME public."Payment_id_seq"
    START WITH 1
    INCREMENT BY 1
    NO MINVALUE
    NO MAXVALUE
    CACHE 1
);


--
-- Name: Prescription_prescriptioninfo; Type: TABLE; Schema: public; Owner: leo_admin
--

CREATE TABLE public."Prescription_prescriptioninfo" (
    id bigint NOT NULL,
    pd_l numeric(5,2) NOT NULL,
    pd_r numeric(5,2) NOT NULL,
    sphere_l numeric(5,2) NOT NULL,
    sphere_r numeric(5,2) NOT NULL,
    cylinder_l numeric(5,2) NOT NULL,
    cylinder_r numeric(5,2) NOT NULL,
    axis_l integer NOT NULL,
    axis_r integer NOT NULL,
    base_l numeric(5,2) NOT NULL,
    base_r numeric(5,2) NOT NULL,
    nv_add numeric(5,2) NOT NULL,
    created_at timestamp with time zone NOT NULL,
    updated_at timestamp with time zone NOT NULL
);


ALTER TABLE public."Prescription_prescriptioninfo" OWNER TO leo_admin;

--
-- Name: Prescription_prescriptioninfo_id_seq; Type: SEQUENCE; Schema: public; Owner: leo_admin
--

ALTER TABLE public."Prescription_prescriptioninfo" ALTER COLUMN id ADD GENERATED BY DEFAULT AS IDENTITY (
    SEQUENCE NAME public."Prescription_prescriptioninfo_id_seq"
    START WITH 1
    INCREMENT BY 1
    NO MINVALUE
    NO MAXVALUE
    CACHE 1
);


--
-- Name: Prescription_prescriptionprism; Type: TABLE; Schema: public; Owner: leo_admin
--

CREATE TABLE public."Prescription_prescriptionprism" (
    id bigint NOT NULL,
    horizontal_value_l numeric(5,2) NOT NULL,
    horizontal_direction_l numeric(5,2) NOT NULL,
    horizontal_value_r numeric(5,2) NOT NULL,
    horizontal_direction_r numeric(5,2) NOT NULL,
    vertical_value_l numeric(5,2) NOT NULL,
    vertical_direction_l numeric(5,2) NOT NULL,
    vertical_value_r numeric(5,2) NOT NULL,
    vertical_direction_r numeric(5,2) NOT NULL,
    prescription_id bigint NOT NULL
);


ALTER TABLE public."Prescription_prescriptionprism" OWNER TO leo_admin;

--
-- Name: Prescription_prescriptionprism_id_seq; Type: SEQUENCE; Schema: public; Owner: leo_admin
--

ALTER TABLE public."Prescription_prescriptionprism" ALTER COLUMN id ADD GENERATED BY DEFAULT AS IDENTITY (
    SEQUENCE NAME public."Prescription_prescriptionprism_id_seq"
    START WITH 1
    INCREMENT BY 1
    NO MINVALUE
    NO MAXVALUE
    CACHE 1
);


--
-- Name: ProductInfo; Type: TABLE; Schema: public; Owner: leo_admin
--

CREATE TABLE public."ProductInfo" (
    id bigint NOT NULL,
    model_number character varying(20) NOT NULL,
    name character varying(100) NOT NULL,
    rmb_price numeric(5,2) NOT NULL,
    price numeric(5,2) NOT NULL,
    description text,
    letter_size character varying(10) NOT NULL,
    string_size character varying(10) NOT NULL,
    frame_weight integer NOT NULL,
    bifocal boolean NOT NULL,
    frame_width integer NOT NULL,
    lens_width integer NOT NULL,
    bridge integer NOT NULL,
    temple_length integer NOT NULL,
    lens_height integer NOT NULL,
    upper_wearable_width integer NOT NULL,
    lower_wearable_width integer NOT NULL,
    gender character varying(20) NOT NULL,
    nose_pad character varying(20) NOT NULL,
    frame_style character varying(20) NOT NULL,
    pd_upper_range integer NOT NULL,
    pd_lower_range integer NOT NULL,
    created_at timestamp with time zone NOT NULL,
    updated_at timestamp with time zone NOT NULL,
    supplier_id bigint
);


ALTER TABLE public."ProductInfo" OWNER TO leo_admin;

--
-- Name: ProductInfo_id_seq; Type: SEQUENCE; Schema: public; Owner: leo_admin
--

ALTER TABLE public."ProductInfo" ALTER COLUMN id ADD GENERATED BY DEFAULT AS IDENTITY (
    SEQUENCE NAME public."ProductInfo_id_seq"
    START WITH 1
    INCREMENT BY 1
    NO MINVALUE
    NO MAXVALUE
    CACHE 1
);


--
-- Name: ProductInstance; Type: TABLE; Schema: public; Owner: leo_admin
--

CREATE TABLE public."ProductInstance" (
    id bigint NOT NULL,
    slug character varying(200),
    sku character varying(20) NOT NULL,
    stock integer NOT NULL,
    reduced_price numeric(5,2) NOT NULL,
    price numeric(5,2),
    carousel_img character varying(1000) NOT NULL,
    detail_img character varying(1000) NOT NULL,
    color_img_url character varying(200) NOT NULL,
    color_base_name character varying(20) NOT NULL,
    color_display_name character varying(100) NOT NULL,
    description text NOT NULL,
    online boolean NOT NULL,
    created_at timestamp with time zone NOT NULL,
    updated_at timestamp with time zone NOT NULL,
    product_id bigint
);


ALTER TABLE public."ProductInstance" OWNER TO leo_admin;

--
-- Name: ProductInstance_id_seq; Type: SEQUENCE; Schema: public; Owner: leo_admin
--

ALTER TABLE public."ProductInstance" ALTER COLUMN id ADD GENERATED BY DEFAULT AS IDENTITY (
    SEQUENCE NAME public."ProductInstance_id_seq"
    START WITH 1
    INCREMENT BY 1
    NO MINVALUE
    NO MAXVALUE
    CACHE 1
);


--
-- Name: ProductPromotion; Type: TABLE; Schema: public; Owner: leo_admin
--

CREATE TABLE public."ProductPromotion" (
    id bigint NOT NULL,
    name character varying(100) NOT NULL,
    code character varying(20) NOT NULL,
    promo_type character varying(50) NOT NULL,
    promo_value integer NOT NULL,
    description text NOT NULL,
    slug character varying(50) NOT NULL,
    is_featured boolean NOT NULL,
    is_active boolean NOT NULL,
    promo_img character varying(1000),
    created_at timestamp with time zone NOT NULL,
    updated_at timestamp with time zone NOT NULL
);


ALTER TABLE public."ProductPromotion" OWNER TO leo_admin;

--
-- Name: ProductPromotion_id_seq; Type: SEQUENCE; Schema: public; Owner: leo_admin
--

ALTER TABLE public."ProductPromotion" ALTER COLUMN id ADD GENERATED BY DEFAULT AS IDENTITY (
    SEQUENCE NAME public."ProductPromotion_id_seq"
    START WITH 1
    INCREMENT BY 1
    NO MINVALUE
    NO MAXVALUE
    CACHE 1
);


--
-- Name: ProductPromotion_productInstance; Type: TABLE; Schema: public; Owner: leo_admin
--

CREATE TABLE public."ProductPromotion_productInstance" (
    id bigint NOT NULL,
    productpromotion_id bigint NOT NULL,
    productinstance_id bigint NOT NULL
);


ALTER TABLE public."ProductPromotion_productInstance" OWNER TO leo_admin;

--
-- Name: ProductPromotion_productInstance_id_seq; Type: SEQUENCE; Schema: public; Owner: leo_admin
--

ALTER TABLE public."ProductPromotion_productInstance" ALTER COLUMN id ADD GENERATED BY DEFAULT AS IDENTITY (
    SEQUENCE NAME public."ProductPromotion_productInstance_id_seq"
    START WITH 1
    INCREMENT BY 1
    NO MINVALUE
    NO MAXVALUE
    CACHE 1
);


--
-- Name: ProductReview; Type: TABLE; Schema: public; Owner: leo_admin
--

CREATE TABLE public."ProductReview" (
    id bigint NOT NULL,
    slug character varying(200),
    title character varying(50) NOT NULL,
    content text NOT NULL,
    online boolean NOT NULL,
    rating integer NOT NULL,
    created_at timestamp with time zone NOT NULL,
    updated_at timestamp with time zone NOT NULL,
    approved_by_id bigint,
    customer_id bigint,
    product_id bigint NOT NULL
);


ALTER TABLE public."ProductReview" OWNER TO leo_admin;

--
-- Name: ProductReview_id_seq; Type: SEQUENCE; Schema: public; Owner: leo_admin
--

ALTER TABLE public."ProductReview" ALTER COLUMN id ADD GENERATED BY DEFAULT AS IDENTITY (
    SEQUENCE NAME public."ProductReview_id_seq"
    START WITH 1
    INCREMENT BY 1
    NO MINVALUE
    NO MAXVALUE
    CACHE 1
);


--
-- Name: ProductTag; Type: TABLE; Schema: public; Owner: leo_admin
--

CREATE TABLE public."ProductTag" (
    id bigint NOT NULL,
    slug character varying(200),
    category character varying(100),
    name character varying(100) NOT NULL,
    description text NOT NULL,
    created_at timestamp with time zone NOT NULL,
    updated_at timestamp with time zone NOT NULL
);


ALTER TABLE public."ProductTag" OWNER TO leo_admin;

--
-- Name: ProductTag_id_seq; Type: SEQUENCE; Schema: public; Owner: leo_admin
--

ALTER TABLE public."ProductTag" ALTER COLUMN id ADD GENERATED BY DEFAULT AS IDENTITY (
    SEQUENCE NAME public."ProductTag_id_seq"
    START WITH 1
    INCREMENT BY 1
    NO MINVALUE
    NO MAXVALUE
    CACHE 1
);


--
-- Name: ProductTag_product; Type: TABLE; Schema: public; Owner: leo_admin
--

CREATE TABLE public."ProductTag_product" (
    id bigint NOT NULL,
    producttag_id bigint NOT NULL,
    productinfo_id bigint NOT NULL
);


ALTER TABLE public."ProductTag_product" OWNER TO leo_admin;

--
-- Name: ProductTag_product_id_seq; Type: SEQUENCE; Schema: public; Owner: leo_admin
--

ALTER TABLE public."ProductTag_product" ALTER COLUMN id ADD GENERATED BY DEFAULT AS IDENTITY (
    SEQUENCE NAME public."ProductTag_product_id_seq"
    START WITH 1
    INCREMENT BY 1
    NO MINVALUE
    NO MAXVALUE
    CACHE 1
);


--
-- Name: ShoppingList; Type: TABLE; Schema: public; Owner: leo_admin
--

CREATE TABLE public."ShoppingList" (
    id bigint NOT NULL,
    list_type character varying(30) NOT NULL,
    customer_id bigint
);


ALTER TABLE public."ShoppingList" OWNER TO leo_admin;

--
-- Name: ShoppingList_id_seq; Type: SEQUENCE; Schema: public; Owner: leo_admin
--

ALTER TABLE public."ShoppingList" ALTER COLUMN id ADD GENERATED BY DEFAULT AS IDENTITY (
    SEQUENCE NAME public."ShoppingList_id_seq"
    START WITH 1
    INCREMENT BY 1
    NO MINVALUE
    NO MAXVALUE
    CACHE 1
);


--
-- Name: ShoppingList_product; Type: TABLE; Schema: public; Owner: leo_admin
--

CREATE TABLE public."ShoppingList_product" (
    id bigint NOT NULL,
    shoppinglist_id bigint NOT NULL,
    completeset_id bigint NOT NULL
);


ALTER TABLE public."ShoppingList_product" OWNER TO leo_admin;

--
-- Name: ShoppingList_product_id_seq; Type: SEQUENCE; Schema: public; Owner: leo_admin
--

ALTER TABLE public."ShoppingList_product" ALTER COLUMN id ADD GENERATED BY DEFAULT AS IDENTITY (
    SEQUENCE NAME public."ShoppingList_product_id_seq"
    START WITH 1
    INCREMENT BY 1
    NO MINVALUE
    NO MAXVALUE
    CACHE 1
);


--
-- Name: SupplierInfo; Type: TABLE; Schema: public; Owner: leo_admin
--

CREATE TABLE public."SupplierInfo" (
    id bigint NOT NULL,
    name character varying(100) NOT NULL,
    website character varying(200) NOT NULL,
    email character varying(254) NOT NULL,
    phone character varying(15) NOT NULL,
    note text NOT NULL,
    created_at timestamp with time zone NOT NULL,
    updated_at timestamp with time zone NOT NULL
);


ALTER TABLE public."SupplierInfo" OWNER TO leo_admin;

--
-- Name: SupplierInfo_id_seq; Type: SEQUENCE; Schema: public; Owner: leo_admin
--

ALTER TABLE public."SupplierInfo" ALTER COLUMN id ADD GENERATED BY DEFAULT AS IDENTITY (
    SEQUENCE NAME public."SupplierInfo_id_seq"
    START WITH 1
    INCREMENT BY 1
    NO MINVALUE
    NO MAXVALUE
    CACHE 1
);


--
-- Name: auth_group; Type: TABLE; Schema: public; Owner: leo_admin
--

CREATE TABLE public.auth_group (
    id integer NOT NULL,
    name character varying(150) NOT NULL
);


ALTER TABLE public.auth_group OWNER TO leo_admin;

--
-- Name: auth_group_id_seq; Type: SEQUENCE; Schema: public; Owner: leo_admin
--

ALTER TABLE public.auth_group ALTER COLUMN id ADD GENERATED BY DEFAULT AS IDENTITY (
    SEQUENCE NAME public.auth_group_id_seq
    START WITH 1
    INCREMENT BY 1
    NO MINVALUE
    NO MAXVALUE
    CACHE 1
);


--
-- Name: auth_group_permissions; Type: TABLE; Schema: public; Owner: leo_admin
--

CREATE TABLE public.auth_group_permissions (
    id bigint NOT NULL,
    group_id integer NOT NULL,
    permission_id integer NOT NULL
);


ALTER TABLE public.auth_group_permissions OWNER TO leo_admin;

--
-- Name: auth_group_permissions_id_seq; Type: SEQUENCE; Schema: public; Owner: leo_admin
--

ALTER TABLE public.auth_group_permissions ALTER COLUMN id ADD GENERATED BY DEFAULT AS IDENTITY (
    SEQUENCE NAME public.auth_group_permissions_id_seq
    START WITH 1
    INCREMENT BY 1
    NO MINVALUE
    NO MAXVALUE
    CACHE 1
);


--
-- Name: auth_permission; Type: TABLE; Schema: public; Owner: leo_admin
--

CREATE TABLE public.auth_permission (
    id integer NOT NULL,
    name character varying(255) NOT NULL,
    content_type_id integer NOT NULL,
    codename character varying(100) NOT NULL
);


ALTER TABLE public.auth_permission OWNER TO leo_admin;

--
-- Name: auth_permission_id_seq; Type: SEQUENCE; Schema: public; Owner: leo_admin
--

ALTER TABLE public.auth_permission ALTER COLUMN id ADD GENERATED BY DEFAULT AS IDENTITY (
    SEQUENCE NAME public.auth_permission_id_seq
    START WITH 1
    INCREMENT BY 1
    NO MINVALUE
    NO MAXVALUE
    CACHE 1
);


--
-- Name: authtoken_token; Type: TABLE; Schema: public; Owner: leo_admin
--

CREATE TABLE public.authtoken_token (
    key character varying(40) NOT NULL,
    created timestamp with time zone NOT NULL,
    user_id bigint NOT NULL
);


ALTER TABLE public.authtoken_token OWNER TO leo_admin;

--
-- Name: customer_saved_address_id_seq; Type: SEQUENCE; Schema: public; Owner: leo_admin
--

ALTER TABLE public."CustomerSavedAddress" ALTER COLUMN id ADD GENERATED BY DEFAULT AS IDENTITY (
    SEQUENCE NAME public.customer_saved_address_id_seq
    START WITH 1
    INCREMENT BY 1
    NO MINVALUE
    NO MAXVALUE
    CACHE 1
);


--
-- Name: django_admin_log; Type: TABLE; Schema: public; Owner: leo_admin
--

CREATE TABLE public.django_admin_log (
    id integer NOT NULL,
    action_time timestamp with time zone NOT NULL,
    object_id text,
    object_repr character varying(200) NOT NULL,
    action_flag smallint NOT NULL,
    change_message text NOT NULL,
    content_type_id integer,
    user_id bigint NOT NULL,
    CONSTRAINT django_admin_log_action_flag_check CHECK ((action_flag >= 0))
);


ALTER TABLE public.django_admin_log OWNER TO leo_admin;

--
-- Name: django_admin_log_id_seq; Type: SEQUENCE; Schema: public; Owner: leo_admin
--

ALTER TABLE public.django_admin_log ALTER COLUMN id ADD GENERATED BY DEFAULT AS IDENTITY (
    SEQUENCE NAME public.django_admin_log_id_seq
    START WITH 1
    INCREMENT BY 1
    NO MINVALUE
    NO MAXVALUE
    CACHE 1
);


--
-- Name: django_content_type; Type: TABLE; Schema: public; Owner: leo_admin
--

CREATE TABLE public.django_content_type (
    id integer NOT NULL,
    app_label character varying(100) NOT NULL,
    model character varying(100) NOT NULL
);


ALTER TABLE public.django_content_type OWNER TO leo_admin;

--
-- Name: django_content_type_id_seq; Type: SEQUENCE; Schema: public; Owner: leo_admin
--

ALTER TABLE public.django_content_type ALTER COLUMN id ADD GENERATED BY DEFAULT AS IDENTITY (
    SEQUENCE NAME public.django_content_type_id_seq
    START WITH 1
    INCREMENT BY 1
    NO MINVALUE
    NO MAXVALUE
    CACHE 1
);


--
-- Name: django_migrations; Type: TABLE; Schema: public; Owner: leo_admin
--

CREATE TABLE public.django_migrations (
    id bigint NOT NULL,
    app character varying(255) NOT NULL,
    name character varying(255) NOT NULL,
    applied timestamp with time zone NOT NULL
);


ALTER TABLE public.django_migrations OWNER TO leo_admin;

--
-- Name: django_migrations_id_seq; Type: SEQUENCE; Schema: public; Owner: leo_admin
--

ALTER TABLE public.django_migrations ALTER COLUMN id ADD GENERATED BY DEFAULT AS IDENTITY (
    SEQUENCE NAME public.django_migrations_id_seq
    START WITH 1
    INCREMENT BY 1
    NO MINVALUE
    NO MAXVALUE
    CACHE 1
);


--
-- Name: django_session; Type: TABLE; Schema: public; Owner: leo_admin
--

CREATE TABLE public.django_session (
    session_key character varying(40) NOT NULL,
    session_data text NOT NULL,
    expire_date timestamp with time zone NOT NULL
);


ALTER TABLE public.django_session OWNER TO leo_admin;

--
-- Name: django_site; Type: TABLE; Schema: public; Owner: leo_admin
--

CREATE TABLE public.django_site (
    id integer NOT NULL,
    domain character varying(100) NOT NULL,
    name character varying(50) NOT NULL
);


ALTER TABLE public.django_site OWNER TO leo_admin;

--
-- Name: django_site_id_seq; Type: SEQUENCE; Schema: public; Owner: leo_admin
--

ALTER TABLE public.django_site ALTER COLUMN id ADD GENERATED BY DEFAULT AS IDENTITY (
    SEQUENCE NAME public.django_site_id_seq
    START WITH 1
    INCREMENT BY 1
    NO MINVALUE
    NO MAXVALUE
    CACHE 1
);


--
-- Name: oauth2_provider_accesstoken; Type: TABLE; Schema: public; Owner: leo_admin
--

CREATE TABLE public.oauth2_provider_accesstoken (
    id bigint NOT NULL,
    token character varying(255) NOT NULL,
    expires timestamp with time zone NOT NULL,
    scope text NOT NULL,
    application_id bigint,
    user_id bigint,
    created timestamp with time zone NOT NULL,
    updated timestamp with time zone NOT NULL,
    source_refresh_token_id bigint,
    id_token_id bigint
);


ALTER TABLE public.oauth2_provider_accesstoken OWNER TO leo_admin;

--
-- Name: oauth2_provider_accesstoken_id_seq; Type: SEQUENCE; Schema: public; Owner: leo_admin
--

ALTER TABLE public.oauth2_provider_accesstoken ALTER COLUMN id ADD GENERATED BY DEFAULT AS IDENTITY (
    SEQUENCE NAME public.oauth2_provider_accesstoken_id_seq
    START WITH 1
    INCREMENT BY 1
    NO MINVALUE
    NO MAXVALUE
    CACHE 1
);


--
-- Name: oauth2_provider_application; Type: TABLE; Schema: public; Owner: leo_admin
--

CREATE TABLE public.oauth2_provider_application (
    id bigint NOT NULL,
    client_id character varying(100) NOT NULL,
    redirect_uris text NOT NULL,
    client_type character varying(32) NOT NULL,
    authorization_grant_type character varying(32) NOT NULL,
    client_secret character varying(255) NOT NULL,
    name character varying(255) NOT NULL,
    user_id bigint,
    skip_authorization boolean NOT NULL,
    created timestamp with time zone NOT NULL,
    updated timestamp with time zone NOT NULL,
    algorithm character varying(5) NOT NULL,
    post_logout_redirect_uris text NOT NULL
);


ALTER TABLE public.oauth2_provider_application OWNER TO leo_admin;

--
-- Name: oauth2_provider_application_id_seq; Type: SEQUENCE; Schema: public; Owner: leo_admin
--

ALTER TABLE public.oauth2_provider_application ALTER COLUMN id ADD GENERATED BY DEFAULT AS IDENTITY (
    SEQUENCE NAME public.oauth2_provider_application_id_seq
    START WITH 1
    INCREMENT BY 1
    NO MINVALUE
    NO MAXVALUE
    CACHE 1
);


--
-- Name: oauth2_provider_grant; Type: TABLE; Schema: public; Owner: leo_admin
--

CREATE TABLE public.oauth2_provider_grant (
    id bigint NOT NULL,
    code character varying(255) NOT NULL,
    expires timestamp with time zone NOT NULL,
    redirect_uri text NOT NULL,
    scope text NOT NULL,
    application_id bigint NOT NULL,
    user_id bigint NOT NULL,
    created timestamp with time zone NOT NULL,
    updated timestamp with time zone NOT NULL,
    code_challenge character varying(128) NOT NULL,
    code_challenge_method character varying(10) NOT NULL,
    nonce character varying(255) NOT NULL,
    claims text NOT NULL
);


ALTER TABLE public.oauth2_provider_grant OWNER TO leo_admin;

--
-- Name: oauth2_provider_grant_id_seq; Type: SEQUENCE; Schema: public; Owner: leo_admin
--

ALTER TABLE public.oauth2_provider_grant ALTER COLUMN id ADD GENERATED BY DEFAULT AS IDENTITY (
    SEQUENCE NAME public.oauth2_provider_grant_id_seq
    START WITH 1
    INCREMENT BY 1
    NO MINVALUE
    NO MAXVALUE
    CACHE 1
);


--
-- Name: oauth2_provider_idtoken; Type: TABLE; Schema: public; Owner: leo_admin
--

CREATE TABLE public.oauth2_provider_idtoken (
    id bigint NOT NULL,
    jti uuid NOT NULL,
    expires timestamp with time zone NOT NULL,
    scope text NOT NULL,
    created timestamp with time zone NOT NULL,
    updated timestamp with time zone NOT NULL,
    application_id bigint,
    user_id bigint
);


ALTER TABLE public.oauth2_provider_idtoken OWNER TO leo_admin;

--
-- Name: oauth2_provider_idtoken_id_seq; Type: SEQUENCE; Schema: public; Owner: leo_admin
--

ALTER TABLE public.oauth2_provider_idtoken ALTER COLUMN id ADD GENERATED BY DEFAULT AS IDENTITY (
    SEQUENCE NAME public.oauth2_provider_idtoken_id_seq
    START WITH 1
    INCREMENT BY 1
    NO MINVALUE
    NO MAXVALUE
    CACHE 1
);


--
-- Name: oauth2_provider_refreshtoken; Type: TABLE; Schema: public; Owner: leo_admin
--

CREATE TABLE public.oauth2_provider_refreshtoken (
    id bigint NOT NULL,
    token character varying(255) NOT NULL,
    access_token_id bigint,
    application_id bigint NOT NULL,
    user_id bigint NOT NULL,
    created timestamp with time zone NOT NULL,
    updated timestamp with time zone NOT NULL,
    revoked timestamp with time zone
);


ALTER TABLE public.oauth2_provider_refreshtoken OWNER TO leo_admin;

--
-- Name: oauth2_provider_refreshtoken_id_seq; Type: SEQUENCE; Schema: public; Owner: leo_admin
--

ALTER TABLE public.oauth2_provider_refreshtoken ALTER COLUMN id ADD GENERATED BY DEFAULT AS IDENTITY (
    SEQUENCE NAME public.oauth2_provider_refreshtoken_id_seq
    START WITH 1
    INCREMENT BY 1
    NO MINVALUE
    NO MAXVALUE
    CACHE 1
);


--
-- Name: order_complete_prescription; Type: TABLE; Schema: public; Owner: leo_admin
--

CREATE TABLE public.order_complete_prescription (
    id bigint NOT NULL,
    "completeSet_id" bigint NOT NULL,
    prescription_id bigint NOT NULL
);


ALTER TABLE public.order_complete_prescription OWNER TO leo_admin;

--
-- Name: order_complete_prescription_id_seq; Type: SEQUENCE; Schema: public; Owner: leo_admin
--

ALTER TABLE public.order_complete_prescription ALTER COLUMN id ADD GENERATED BY DEFAULT AS IDENTITY (
    SEQUENCE NAME public.order_complete_prescription_id_seq
    START WITH 1
    INCREMENT BY 1
    NO MINVALUE
    NO MAXVALUE
    CACHE 1
);


--
-- Name: order_has_address; Type: TABLE; Schema: public; Owner: leo_admin
--

CREATE TABLE public.order_has_address (
    id bigint NOT NULL,
    address_id bigint NOT NULL,
    order_id bigint NOT NULL
);


ALTER TABLE public.order_has_address OWNER TO leo_admin;

--
-- Name: order_has_address_id_seq; Type: SEQUENCE; Schema: public; Owner: leo_admin
--

ALTER TABLE public.order_has_address ALTER COLUMN id ADD GENERATED BY DEFAULT AS IDENTITY (
    SEQUENCE NAME public.order_has_address_id_seq
    START WITH 1
    INCREMENT BY 1
    NO MINVALUE
    NO MAXVALUE
    CACHE 1
);


--
-- Name: order_line_accessory; Type: TABLE; Schema: public; Owner: leo_admin
--

CREATE TABLE public.order_line_accessory (
    id bigint NOT NULL,
    quantity integer NOT NULL,
    "accessoryID_id" bigint NOT NULL,
    "orderID_id" bigint NOT NULL
);


ALTER TABLE public.order_line_accessory OWNER TO leo_admin;

--
-- Name: order_line_accessory_id_seq; Type: SEQUENCE; Schema: public; Owner: leo_admin
--

ALTER TABLE public.order_line_accessory ALTER COLUMN id ADD GENERATED BY DEFAULT AS IDENTITY (
    SEQUENCE NAME public.order_line_accessory_id_seq
    START WITH 1
    INCREMENT BY 1
    NO MINVALUE
    NO MAXVALUE
    CACHE 1
);


--
-- Name: order_line_item; Type: TABLE; Schema: public; Owner: leo_admin
--

CREATE TABLE public.order_line_item (
    id bigint NOT NULL,
    quantity integer NOT NULL,
    order_id bigint NOT NULL,
    product_id bigint NOT NULL
);


ALTER TABLE public.order_line_item OWNER TO leo_admin;

--
-- Name: order_line_item_id_seq; Type: SEQUENCE; Schema: public; Owner: leo_admin
--

ALTER TABLE public.order_line_item ALTER COLUMN id ADD GENERATED BY DEFAULT AS IDENTITY (
    SEQUENCE NAME public.order_line_item_id_seq
    START WITH 1
    INCREMENT BY 1
    NO MINVALUE
    NO MAXVALUE
    CACHE 1
);


--
-- Name: social_auth_association; Type: TABLE; Schema: public; Owner: leo_admin
--

CREATE TABLE public.social_auth_association (
    id bigint NOT NULL,
    server_url character varying(255) NOT NULL,
    handle character varying(255) NOT NULL,
    secret character varying(255) NOT NULL,
    issued integer NOT NULL,
    lifetime integer NOT NULL,
    assoc_type character varying(64) NOT NULL
);


ALTER TABLE public.social_auth_association OWNER TO leo_admin;

--
-- Name: social_auth_association_id_seq; Type: SEQUENCE; Schema: public; Owner: leo_admin
--

ALTER TABLE public.social_auth_association ALTER COLUMN id ADD GENERATED BY DEFAULT AS IDENTITY (
    SEQUENCE NAME public.social_auth_association_id_seq
    START WITH 1
    INCREMENT BY 1
    NO MINVALUE
    NO MAXVALUE
    CACHE 1
);


--
-- Name: social_auth_code; Type: TABLE; Schema: public; Owner: leo_admin
--

CREATE TABLE public.social_auth_code (
    id bigint NOT NULL,
    email character varying(254) NOT NULL,
    code character varying(32) NOT NULL,
    verified boolean NOT NULL,
    "timestamp" timestamp with time zone NOT NULL
);


ALTER TABLE public.social_auth_code OWNER TO leo_admin;

--
-- Name: social_auth_code_id_seq; Type: SEQUENCE; Schema: public; Owner: leo_admin
--

ALTER TABLE public.social_auth_code ALTER COLUMN id ADD GENERATED BY DEFAULT AS IDENTITY (
    SEQUENCE NAME public.social_auth_code_id_seq
    START WITH 1
    INCREMENT BY 1
    NO MINVALUE
    NO MAXVALUE
    CACHE 1
);


--
-- Name: social_auth_nonce; Type: TABLE; Schema: public; Owner: leo_admin
--

CREATE TABLE public.social_auth_nonce (
    id bigint NOT NULL,
    server_url character varying(255) NOT NULL,
    "timestamp" integer NOT NULL,
    salt character varying(65) NOT NULL
);


ALTER TABLE public.social_auth_nonce OWNER TO leo_admin;

--
-- Name: social_auth_nonce_id_seq; Type: SEQUENCE; Schema: public; Owner: leo_admin
--

ALTER TABLE public.social_auth_nonce ALTER COLUMN id ADD GENERATED BY DEFAULT AS IDENTITY (
    SEQUENCE NAME public.social_auth_nonce_id_seq
    START WITH 1
    INCREMENT BY 1
    NO MINVALUE
    NO MAXVALUE
    CACHE 1
);


--
-- Name: social_auth_partial; Type: TABLE; Schema: public; Owner: leo_admin
--

CREATE TABLE public.social_auth_partial (
    id bigint NOT NULL,
    token character varying(32) NOT NULL,
    next_step smallint NOT NULL,
    backend character varying(32) NOT NULL,
    data text NOT NULL,
    "timestamp" timestamp with time zone NOT NULL,
    CONSTRAINT social_auth_partial_next_step_check CHECK ((next_step >= 0))
);


ALTER TABLE public.social_auth_partial OWNER TO leo_admin;

--
-- Name: social_auth_partial_id_seq; Type: SEQUENCE; Schema: public; Owner: leo_admin
--

ALTER TABLE public.social_auth_partial ALTER COLUMN id ADD GENERATED BY DEFAULT AS IDENTITY (
    SEQUENCE NAME public.social_auth_partial_id_seq
    START WITH 1
    INCREMENT BY 1
    NO MINVALUE
    NO MAXVALUE
    CACHE 1
);


--
-- Name: social_auth_usersocialauth; Type: TABLE; Schema: public; Owner: leo_admin
--

CREATE TABLE public.social_auth_usersocialauth (
    id bigint NOT NULL,
    provider character varying(32) NOT NULL,
    uid character varying(255) NOT NULL,
    extra_data text NOT NULL,
    user_id bigint NOT NULL,
    created timestamp with time zone NOT NULL,
    modified timestamp with time zone NOT NULL
);


ALTER TABLE public.social_auth_usersocialauth OWNER TO leo_admin;

--
-- Name: social_auth_usersocialauth_id_seq; Type: SEQUENCE; Schema: public; Owner: leo_admin
--

ALTER TABLE public.social_auth_usersocialauth ALTER COLUMN id ADD GENERATED BY DEFAULT AS IDENTITY (
    SEQUENCE NAME public.social_auth_usersocialauth_id_seq
    START WITH 1
    INCREMENT BY 1
    NO MINVALUE
    NO MAXVALUE
    CACHE 1
);


--
-- Data for Name: AccessoryImage; Type: TABLE DATA; Schema: public; Owner: leo_admin
--

COPY public."AccessoryImage" (id, image_type, name, path, description, created_at, updated_at, accessory_id) FROM stdin;
\.


--
-- Data for Name: AccessoryInfo; Type: TABLE DATA; Schema: public; Owner: leo_admin
--

COPY public."AccessoryInfo" (id, slug, name, type, price, description, color, created_at, updated_at) FROM stdin;
\.


--
-- Data for Name: Address; Type: TABLE DATA; Schema: public; Owner: leo_admin
--

COPY public."Address" (id, full_name, phone, address, city, province_state, country, post_code, instruction, created_at, updated_at) FROM stdin;
1	John Doe	+12125552368	123 ABC street	Montreal	QC	Canada	H9H 7U8		2023-08-27 02:32:17.075513+00	2023-08-27 02:32:17.075523+00
\.


--
-- Data for Name: CompleteSet; Type: TABLE DATA; Schema: public; Owner: leo_admin
--

COPY public."CompleteSet" (id, created_at, updated_at, frame_id, order_id, coating_id, color_id, density_id, index_id, usage_id, sub_color, sub_total) FROM stdin;
1	2023-07-20 21:47:37.30648+00	2023-07-20 21:47:37.306493+00	5	\N	3	1	3	1	2	\N	0.00
2	2023-07-23 23:23:20.471586+00	2023-07-23 23:23:20.471618+00	6	\N	3	1	2	1	2	\N	0.00
6	2023-08-29 20:01:12.749473+00	2023-08-29 20:01:12.74961+00	7	\N	4	1	3	1	5	\N	0.00
20	2023-08-29 22:29:47.950001+00	2023-08-29 22:29:47.950024+00	4	\N	6	5	3	4	4	\N	0.00
3	2023-07-23 23:44:35.612052+00	2023-08-30 23:03:32.073704+00	2	\N	3	4	3	3	2	None	69.95
4	2023-07-23 23:44:35.640688+00	2023-08-30 23:03:32.090437+00	10	3	2	4	3	3	2	None	68.95
22	2023-08-30 00:51:42.792485+00	2023-08-30 23:03:32.09433+00	4	\N	6	5	3	4	4	None	107.95
29	2023-08-30 18:16:23.851551+00	2023-08-30 23:03:32.098289+00	5	\N	4	3	3	1	2	None	31.95
\.


--
-- Data for Name: Coupon; Type: TABLE DATA; Schema: public; Owner: leo_admin
--

COPY public."Coupon" (id, code, description, img_url, expire_date, online, frame_discount_type, frame_discount_amount, lens_discount_type, lens_discount_amount, shipping_discount_type, shipping_discount_amount, order_discount_type, order_discount_amount, created_at, updated_at) FROM stdin;
\.


--
-- Data for Name: Coupon_applied_product; Type: TABLE DATA; Schema: public; Owner: leo_admin
--

COPY public."Coupon_applied_product" (id, coupon_id, productinstance_id) FROM stdin;
\.


--
-- Data for Name: Coupon_valid_customer; Type: TABLE DATA; Schema: public; Owner: leo_admin
--

COPY public."Coupon_valid_customer" (id, coupon_id, customerinfo_id) FROM stdin;
\.


--
-- Data for Name: CustomerInfo; Type: TABLE DATA; Schema: public; Owner: leo_admin
--

COPY public."CustomerInfo" (id, password, last_login, is_superuser, username, first_name, last_name, phone, ip_address, is_active, gender, birth_date, icon_url, store_credit, level, in_blacklist, created_at, updated_at, is_staff, saved_prescription_id, date_joined, email) FROM stdin;
4	000110gg	\N	f	user0@user.com				\N	t		\N	\N	0	0	f	2023-07-14 04:12:04.579347+00	2023-07-14 04:12:04.579354+00	f	\N	2023-07-16 01:38:46.646186+00	
7	000110gg	\N	f	super2@user.com				\N	t		\N	\N	0	0	f	2023-08-08 02:45:27.13548+00	2023-08-08 02:45:27.135483+00	t	\N	2023-08-08 02:44:46+00	
3	pbkdf2_sha256$600000$eVUFY1usTkMVp4Uaz8TDnP$AFlyuUvSiy4P4iAoSHF7EwLz1eq47pPVL+rPdCTHx9c=	2023-08-24 23:11:38.18796+00	t	test@test.com				\N	t		\N	\N	0	0	f	2023-07-06 02:07:57.186986+00	2023-07-06 02:07:57.186993+00	t	\N	2023-07-16 01:38:46.646186+00	
6	pbkdf2_sha256$600000$T2fGPxGubpu0y86v4xCXhb$23eojdotC/e4YbtHFoYI785NdjSwHvtQfarkn9VORlA=	2023-08-13 20:17:37.969536+00	f	user1@user.com				\N	t		\N	\N	0	0	f	2023-07-16 01:44:30.214926+00	2023-07-16 01:44:41.632007+00	f	\N	2023-07-16 01:44:29.975462+00	
9	000110gg	2023-08-13 20:52:20.613848+00	f	evanabyss@gmail.com	ZONGQI	LYU		\N	t		\N	https://lh3.googleusercontent.com/a/AAcHTtdgP-olrJ7gf3uMEZG2v8askFy8ZQqSE6b3olxEJ8NwKzs=s96-c	0	0	f	2023-08-08 02:59:14.509571+00	2023-08-13 20:52:20.594908+00	f	\N	2023-08-08 02:59:14.509212+00	
5	pbkdf2_sha256$600000$5M7tfcYWQhkSJtYLdNhJFo$Mdh/tBQxK7G4CTBpZ+LsRxMjL3b5QrUt2yKhkXnvokc=	2023-08-24 22:47:29.077428+00	t	super1@user.com				\N	t		\N	\N	0	0	f	2023-07-16 01:41:01.13155+00	2023-07-16 01:41:01.131554+00	t	\N	2023-07-16 01:41:00.986514+00	
\.


--
-- Data for Name: CustomerInfo_groups; Type: TABLE DATA; Schema: public; Owner: leo_admin
--

COPY public."CustomerInfo_groups" (id, customerinfo_id, group_id) FROM stdin;
\.


--
-- Data for Name: CustomerInfo_user_permissions; Type: TABLE DATA; Schema: public; Owner: leo_admin
--

COPY public."CustomerInfo_user_permissions" (id, customerinfo_id, permission_id) FROM stdin;
\.


--
-- Data for Name: CustomerSavedAddress; Type: TABLE DATA; Schema: public; Owner: leo_admin
--

COPY public."CustomerSavedAddress" (id, address, customer_id, city, country, created_at, full_name, instruction, phone, post_code, province_state, updated_at) FROM stdin;
\.


--
-- Data for Name: CustomerSavedPayment; Type: TABLE DATA; Schema: public; Owner: leo_admin
--

COPY public."CustomerSavedPayment" (id, payment_method_type, token, card_brand, last4, expiry_date, is_default, customer_id) FROM stdin;
\.


--
-- Data for Name: LensCoating; Type: TABLE DATA; Schema: public; Owner: leo_admin
--

COPY public."LensCoating" (id, name, description, add_on_price, image_url, created_at, updated_at, available_next_lvl) FROM stdin;
1	Blue Light Filtering	Selectively block or reduce the amount of blue light emitted from digital screens in order to alleviate eye strain	11.00		2023-05-17 19:29:21.205808+00	2023-07-10 02:54:08.030663+00	\N
4	Standard	Anti-scratch, Anti-glare, and basic UV protection	0.00		2023-07-10 02:54:35.597164+00	2023-07-10 02:54:35.597174+00	\N
2	Polarized	Block horizontally polarized light, reducing glare and enhancing visual clarity	21.00		2023-05-17 19:29:21.205808+00	2023-07-10 02:55:05.484656+00	\N
3	Mirrored	A reflective coating applied to the outer surface, creating a mirror-like appearance and reducing the amount of light that enters the eyes from the front	22.00		2023-05-17 19:29:21.205808+00	2023-07-10 02:55:39.940061+00	\N
5	Anti-Fog	Minimize or prevent the buildup of fog or condensation on the surface of the lenses	27.00		2023-07-10 02:56:27.764406+00	2023-07-10 02:56:27.764416+00	\N
6	Water Proof + Anti-Dust	Causes water droplets to bead up and roll off the surface of the lenses, minimizing water spots and improving visibility in wet conditions, and Reducing the accumulation of dust particles on the lens surface, making them easier to clean and maintaining clearer vision for longer periods of time in dusty environments.	37.00		2023-07-10 02:57:25.537712+00	2023-07-10 02:57:25.537721+00	\N
\.


--
-- Data for Name: LensColor; Type: TABLE DATA; Schema: public; Owner: leo_admin
--

COPY public."LensColor" (id, name, description, add_on_price, image_url, available_colors, created_at, updated_at, available_next_lvl) FROM stdin;
1	Clear	Provide magnification and enhance visual clarity	0.00		red,blue,yellow,black	2023-05-17 19:29:21.205808+00	2023-07-10 02:59:55.039888+00	Standard,Blue Light Filtering,Water Proof + Anti-Dust,Anti-Fog
3	Blue Light Filtering	Selectively block or reduce the amount of blue light emitted from digital screens in order to alleviate eye strain	10.00		red,blue,yellow,black	2023-05-17 19:29:21.205808+00	2023-07-10 03:01:21.643711+00	Standard,Anti-Fog,Water Proof + Anti-Dust
4	Sun/Tinted	Tinted and polarized lenses to protect eyes in bright outdoor conditions	10.00		red, blue, yellow, black	2023-05-17 19:29:21.205808+00	2023-07-10 03:02:42.760024+00	Standard,Polarized,Mirrored
5	Photochromic	Darken when exposed to sunlight or UV radiation and return to a clear state indoors or at night	30.00		red, blue, yellow, black	2023-05-17 19:29:21.205808+00	2023-07-10 04:08:53.477502+00	Standard,Blue Light Filtering,Water Proof + Anti-Dust,Anti-Fog
\.


--
-- Data for Name: LensDensity; Type: TABLE DATA; Schema: public; Owner: leo_admin
--

COPY public."LensDensity" (id, name, description, add_on_price, created_at, updated_at, image_url) FROM stdin;
1	100%	Provide magnification and enhance visual clarity	0.00	2023-05-17 19:29:21.205808+00	2023-05-19 02:27:37.768196+00	
2	80%	Provide magnification and enhance visual clarity	0.00	2023-05-17 19:29:21.205808+00	2023-05-19 02:27:37.768196+00	
3	50%	Provide magnification and enhance visual clarity	0.00	2023-05-17 19:29:21.205808+00	2023-05-19 02:27:37.768196+00	
4	20%	Provide magnification and enhance visual clarity	0.00	2023-05-17 19:29:21.205808+00	2023-05-19 02:27:37.768196+00	
5	Gradient	Provide magnification and enhance visual clarity	17.00	2023-05-17 19:29:21.205808+00	2023-05-19 02:27:37.768196+00	
\.


--
-- Data for Name: LensIndex; Type: TABLE DATA; Schema: public; Owner: leo_admin
--

COPY public."LensIndex" (id, name, description, add_on_price, image_url, created_at, updated_at) FROM stdin;
1	Standard(1.56)	It is a medium-high index lens that is thinner and lighter than standard index lenses (usually 1.50)	0.00		2023-05-17 19:29:21.205808+00	2023-07-10 02:50:17.500293+00
2	Advanced(1.61)	It is a high index lens that is thinner and lighter than both standard index (usually 1.50) and medium-high index (usually 1.56) lenses	15.00		2023-05-17 19:29:21.205808+00	2023-07-10 02:50:42.83794+00
3	Premium(1.67)	This type of lens is thinner and lighter than both standard index (usually 1.50) and medium-high index (usually 1.56 or 1.60) lenses	16.00		2023-05-17 19:29:21.205808+00	2023-07-10 02:51:05.058835+00
4	Superior(1.71)	These lenses are exceptionally thin and lightweight	17.00		2023-05-17 19:29:21.205808+00	2023-07-10 02:51:25.20113+00
\.


--
-- Data for Name: LensUsage; Type: TABLE DATA; Schema: public; Owner: leo_admin
--

COPY public."LensUsage" (id, name, description, add_on_price, image_url, created_at, updated_at, available_next_lvl) FROM stdin;
3	Progressive	Provide magnification and enhance visual clarity	8.00		2023-05-17 19:29:21.205808+00	2023-05-19 02:27:37.768196+00	\N
4	Reader	Provide magnification and enhance visual clarity	9.00		2023-05-17 19:29:21.205808+00	2023-05-19 02:27:37.768196+00	\N
5	Non-Prescription	Provide magnification and enhance visual clarity	0.00		2023-05-17 19:29:21.205808+00	2023-05-19 02:27:37.768196+00	\N
2	Bifocal	Provide magnification and enhance visual clarity	7.00		2023-05-17 19:29:21.205808+00	2023-07-07 00:55:50.265777+00	\N
1	Single Vision	Correct distance vision, either for nearsightedness or farsightedness.	0.00		2023-05-17 19:29:21.205808+00	2023-07-10 03:10:01.888947+00	\N
\.


--
-- Data for Name: OrderImage; Type: TABLE DATA; Schema: public; Owner: leo_admin
--

COPY public."OrderImage" (id, image_type, name, path, description, created_at, updated_at, order_id) FROM stdin;
\.


--
-- Data for Name: OrderInfo; Type: TABLE DATA; Schema: public; Owner: leo_admin
--

COPY public."OrderInfo" (id, email, order_number, order_status, refound_status, refound_amount, payment_status, payment_type, order_device, store_credit_used, store_credit_gained, shipping_company, tracking_number, shipping_cost, discount, accessory_total, sub_total, total_amount, comment, issue_order, created_at, updated_at, address_id) FROM stdin;
3	test@test.com	OD00000001	PROCESSING		0.00	PAID	visa	WINDOWS	0.00	0.00			0.00	0.00	0.00	134.00	146.00	NA	f	2023-08-25 00:25:32.378546+00	2023-08-27 02:34:15.788326+00	1
\.


--
-- Data for Name: OrderTax; Type: TABLE DATA; Schema: public; Owner: leo_admin
--

COPY public."OrderTax" (id, tax_number, total_amount, gst, hst, qst, pst, created_at, updated_at, order_id) FROM stdin;
\.


--
-- Data for Name: OrderUpdates; Type: TABLE DATA; Schema: public; Owner: leo_admin
--

COPY public."OrderUpdates" (id, title, details, by, order_id) FROM stdin;
\.


--
-- Data for Name: Payment; Type: TABLE DATA; Schema: public; Owner: leo_admin
--

COPY public."Payment" (id, transaction_id, payment_gateway, payment_method, transaction_amount, currency, transaction_status, transaction_date, payer_email, gateway_transaction_id, payment_response, customer_id, order_id) FROM stdin;
\.


--
-- Data for Name: Prescription_prescriptioninfo; Type: TABLE DATA; Schema: public; Owner: leo_admin
--

COPY public."Prescription_prescriptioninfo" (id, pd_l, pd_r, sphere_l, sphere_r, cylinder_l, cylinder_r, axis_l, axis_r, base_l, base_r, nv_add, created_at, updated_at) FROM stdin;
\.


--
-- Data for Name: Prescription_prescriptionprism; Type: TABLE DATA; Schema: public; Owner: leo_admin
--

COPY public."Prescription_prescriptionprism" (id, horizontal_value_l, horizontal_direction_l, horizontal_value_r, horizontal_direction_r, vertical_value_l, vertical_direction_l, vertical_value_r, vertical_direction_r, prescription_id) FROM stdin;
\.


--
-- Data for Name: ProductInfo; Type: TABLE DATA; Schema: public; Owner: leo_admin
--

COPY public."ProductInfo" (id, model_number, name, rmb_price, price, description, letter_size, string_size, frame_weight, bifocal, frame_width, lens_width, bridge, temple_length, lens_height, upper_wearable_width, lower_wearable_width, gender, nose_pad, frame_style, pd_upper_range, pd_lower_range, created_at, updated_at, supplier_id) FROM stdin;
1	G5815	Elevare	14.95	14.95	These sturdy, full-rim rectangle frames are made of high-quality materials, sturdy, durable, and skin-friendly. Embed stainless steel rod in thick temple arms for stability. It is available in black, gray, gradual black. Whether you want bold eyeglasses or retro-chic sunglasses, prepare to get compliments with this one!	XL	45-23-146	32	t	142	45	23	146	43	134	130	UNISEX	ASIANFIT	FULLRIM	71	55	2023-05-17 19:29:21.205808+00	2023-05-19 02:27:37.768196+00	5
2	22093	Trilens	24.95	24.95	Vintage style glasses made of comfortable and flexible TR90 and polished metal. Unlike other aviator glasses, this one uses a polygonal lens shape. It is suitable for everyday wear or with sunglasses.	L	52-15-146	16	t	142	52	15	146	46	142	138	UNISEX	ADJUSTABLE	FULLRIM	70	53	2023-05-17 19:29:21.205808+00	2023-05-19 02:27:37.768196+00	4
3	22076	Lustra	21.95	21.95	Crafted from high-quality TR90 and slim metal, these butterfly-shaped glasses have a glossy finish, are soft and lightweight, and are a chic addition to your everyday eyewear. The metal parts are polished by hand and are available in the following colors: black, green, and brown.	L	53-16-145	16	t	135	53	16	145	47	134	130	UNISEX	ADJUSTABLE	FULLRIM	72	55	2023-05-17 19:29:21.205808+00	2023-05-19 02:27:37.768196+00	3
4	TR691	Flash	9.95	9.95	The oval kid's glasses are made with our ultra-flexible TR90 plastic. Comes with a detachable, adjustable strap. This monochromatic frame is super durable without any metal parts. The frames come with the following color options: yellow, violet, and dark blue.	S	47-15-115	12	t	120	47	15	115	33	104	108	UNISEX	STANDARD	FULLRIM	41	65	2023-05-17 19:29:21.205808+00	2023-07-17 00:31:24.33959+00	8
5	TR30098	Stone	14.95	14.95	This rectangle eyewear features fashion-forward details and rose gold accents that make a stylish statement. The durable TR90 frame comes in your choice of tortoise or matt white coloring, while all stainless steel elements are tinted in a trendy rose gold finish. The bridge pieces and rivets on the temple arms highlight the rose gold hue, contrasting beautifully with the neutral frame colors. The dual bridge design provides a sturdy and stable frame that rests comfortably on your nose. Infuse your look with a touch of luxe by adding these contemporary rectangle glasses. The rose gold hardware enhances an otherwise understated frame, bringing just the right amount of glittering glamour. Whether you choose the tortoiseshell or the matt white frames, these eyewear pieces are destined to become your new wardrobe MVPs.	L	54-22-147	14	t	134	54	22	147	46	145	141	UNISEX	STANDARD	FULLRIM	79	64	2023-05-17 19:29:21.205808+00	2023-05-19 02:27:37.768196+00	6
6	95805	The Cat	14.95	14.95	This cat-eye photo frame has perfect curves to suit your face shape, and the unique cat ear decoration on each corner of the frame will definitely make you stand out from the crowd. Spring hinges and adjustable nose pads add comfort and durability.	L	55-20-140	20	t	137	55	20	140	47	138	134	UNISEX	ADJUSTABLE	FULLRIM	78	63	2023-05-17 19:29:21.205808+00	2023-05-19 02:27:37.768196+00	11
7	30071	Cross	9.95	9.95	Edgy aviator glasses with a double dose of style. Take your style to new heights with these statement-making aviator glasses featuring angular metal alloy frames in a gleaming black and gold finish (also available in silver). The geometric aviator shape adds edge while the classic color combination exudes timeless cool. The prominent dual bridge is an eye-catching detail that amplifies the trend-forward look and feels. Adjustable silicone nose pads for comfort and grip. The flexible nose pads prevent slipping and ensure the ideal fit and viewing angle. Blending fashion and function, these double-bridged aviator shades make a stylish statement whether casually strolling the city streets or adventuring in warmer weather.	L	52-20-150	21	t	144	52	20	150	44	144	140	UNISEX	ADJUSTABLE	FULLRIM	75	57	2023-05-17 19:29:21.205808+00	2023-05-19 02:27:37.768196+00	9
\.


--
-- Data for Name: ProductInstance; Type: TABLE DATA; Schema: public; Owner: leo_admin
--

COPY public."ProductInstance" (id, slug, sku, stock, reduced_price, price, carousel_img, detail_img, color_img_url, color_base_name, color_display_name, description, online, created_at, updated_at, product_id) FROM stdin;
1	G5815-Black	G5815-Black	10	0.00	14.95	https://cdn.leoptique.com//uploads/carousel/2021-08-24/6125a0952f49d.jpg.webp,https://cdn.leoptique.com//uploads/carousel/2021-08-24/6125a0952f7e1.jpg.webp,https://cdn.leoptique.com//uploads/carousel/2021-08-24/6125a0952faae.jpg.webp,https://cdn.leoptique.com//uploads/carousel/2021-08-24/6125a0952fdf5.jpg.webp	https://cdn.leoptique.com//uploads/special/2021-08-24/6125a0a037ce1.jpg.webp,https://cdn.leoptique.com//uploads/special/2021-08-24/6125a0a03833e.jpg.webp,https://cdn.leoptique.com//uploads/special/2021-08-24/6125a0a03893b.jpg.webp,https://cdn.leoptique.com//uploads/special/2021-08-24/6125a0a038f5f.jpg.webp	https://cdn.leoptique.com//uploads/chunk/2017-09-26/59c9b53406ff2.png	black	Black		t	2023-05-17 19:29:21.205808+00	2023-05-19 02:27:37.768196+00	1
2	G5815-Clear	G5815-Clear	10	0.00	14.95	https://cdn.leoptique.com//uploads/carousel/2021-08-24/6125a0fc02e3f.jpg.webp,https://cdn.leoptique.com//uploads/carousel/2021-08-24/6125a0fc031d1.jpg.webp,https://cdn.leoptique.com//uploads/carousel/2021-08-24/6125a0fc03505.jpg.webp,https://cdn.leoptique.com//uploads/carousel/2021-08-24/6125a0fc037f6.jpg.webp	https://cdn.leoptique.com//uploads/special/2021-08-24/6125a10d6ea3c.jpg.webp,https://cdn.leoptique.com//uploads/special/2021-08-24/6125a10d6f18f.jpg.webp,https://cdn.leoptique.com//uploads/special/2021-08-24/6125a10d6f7b0.jpg.webp,https://cdn.leoptique.com//uploads/special/2021-08-24/6125a10d6fc76.jpg.webp	https://cdn.leoptique.com//uploads/chunk/2020-03-31/5e83e64364b67.png	white	Clear		t	2023-05-17 19:29:21.205808+00	2023-05-19 02:27:37.768196+00	1
4	TR691-Yellow	TR691-Yellow	10	0.00	14.95	https://cdn.leoptique.com//uploads/carousel/2018-07-22/5b5545643ac40.jpg,https://cdn.leoptique.com//uploads/carousel/2018-07-22/5b5545643a8bb.jpg,https://cdn.leoptique.com//uploads/carousel/2018-07-22/5b5545643b171.jpg,https://cdn.leoptique.com//uploads/carousel/2018-07-22/5b5545643af1b.jpg			yellow	Yellow		t	2023-05-17 19:29:21.205808+00	2023-05-19 02:27:37.768196+00	4
3	22093-Tortoise	22093-Tortoise	10	0.00	14.95	https://cdn.leoptique.com//uploads/carousel/2023-03-16/6412f30a3ede5.jpg.webp,https://cdn.leoptique.com//uploads/carousel/2023-03-16/6412f30a3f1f3.jpg.webp,https://cdn.leoptique.com//uploads/carousel/2023-03-16/6412f30a3f536.jpg.webp,https://cdn.leoptique.com//uploads/carousel/2023-03-16/6412f30a40258.jpg.webp		https://cdn.leoptique.com//uploads/chunk/2020-03-31/5e83e92d2bc31.png	yellow	Tortoise		t	2023-05-17 19:29:21.205808+00	2023-05-19 02:27:37.768196+00	2
5	95805-Leopard	95805-Leopard	10	0.00	14.95	https://cdn.leoptique.com//uploads/carousel/2023-05-22/646aeedc5fff1.jpg.webp,https://cdn.leoptique.com//uploads/carousel/2023-05-22/646aeedc60aa7.jpg.webp,https://cdn.leoptique.com//uploads/carousel/2023-05-22/646aeedc60dad.jpg.webp,https://cdn.leoptique.com//uploads/carousel/2023-05-22/646aeedc61164.jpg.webp		https://cdn.leoptique.com//uploads/chunk/2017-09-21/SPR-S63053-small-leopard-grain.png	yellow	Tortoise		t	2023-05-17 19:29:21.205808+00	2023-05-19 02:27:37.768196+00	6
6	95805-Khaki	95805-Khaki	10	0.00	14.95	https://cdn.leoptique.com//uploads/carousel/2023-05-21/646ae73bb838d.jpg.webp,https://cdn.leoptique.com//uploads/carousel/2023-05-21/646ae73bb8897.jpg.webp,https://cdn.leoptique.com//uploads/carousel/2023-05-21/646ae73bb8ceb.jpg.webp,https://cdn.leoptique.com//uploads/carousel/2023-05-21/646ae73bb9140.jpg.webp		https://cdn.leoptique.com//uploads/chunk/2020-09-29/5f72cf629d20c.png	yellow	Khaki		t	2023-05-17 19:29:21.205808+00	2023-05-19 02:27:37.768196+00	6
7	30071-Black-Gold	30071-Black-Gold	10	0.00	14.95	https://cdn.leoptique.com//uploads/carousel/2023-03-16/6412ede43d150.jpg.webp,https://cdn.leoptique.com//uploads/carousel/2023-03-16/6412ede43e4bc.jpg.webp,https://cdn.leoptique.com//uploads/carousel/2023-03-16/6412ede43e7f7.jpg.webp,https://cdn.leoptique.com//uploads/carousel/2023-03-16/6412ede43eb5d.jpg.webp		https://cdn.leoptique.com//uploads/chunk/2017-09-21/LTO-6311-small-black-and-gold.png	black	Black Gold		t	2023-05-17 19:29:21.205808+00	2023-05-19 02:27:37.768196+00	7
8	30071-Clear-Silver	30071-Clear-Silver	10	0.00	14.95	https://cdn.leoptique.com//uploads/carousel/2023-03-16/6412ee2922a78.jpg.webp,https://cdn.leoptique.com//uploads/carousel/2023-03-16/6412ee2922de4.jpg.webp,https://cdn.leoptique.com//uploads/carousel/2023-03-16/6412ee292322e.jpg.webp,https://cdn.leoptique.com//uploads/carousel/2023-03-16/6412ee29234ae.jpg.webp		https://cdn.leoptique.com//uploads/chunk/2018-07-19/5b51426f13fc4.jpg	white	Silver Clear		t	2023-05-17 19:29:21.205808+00	2023-05-19 02:27:37.768196+00	7
9	TR30098-White	TR30098-White	10	0.00	14.95	https://cdn.leoptique.com//uploads/carousel/2023-02-19/63f1fc29d8c0f.jpg.webp,https://cdn.leoptique.com//uploads/carousel/2023-02-19/63f1fc29d8fd7.jpg.webp,https://cdn.leoptique.com//uploads/carousel/2023-02-19/63f1fc29d921e.jpg.webp,https://cdn.leoptique.com//uploads/carousel/2023-02-19/63f1fc29d94e4.jpg.webp		https://cdn.leoptique.com//uploads/chunk/2018-09-04/5b8e3c363bf1f.jpg	white	Matte White		t	2023-05-17 19:29:21.205808+00	2023-05-19 02:27:37.768196+00	5
10	TR30098-Leopard	TR30098-Leopard	10	0.00	14.95	https://cdn.leoptique.com//uploads/carousel/2023-02-19/63f1fd7ab6d88.jpg.webp,https://cdn.leoptique.com//uploads/carousel/2023-02-19/63f1fd7ab7129.jpg.webp,https://cdn.leoptique.com//uploads/carousel/2023-02-19/63f1fd7ab742d.jpg.webp,https://cdn.leoptique.com//uploads/carousel/2023-02-19/63f1fd7ab7768.jpg.webp		https://cdn.leoptique.com//uploads/chunk/2017-09-21/SPR-S63053-small-leopard-grain.png	yellow	Leopard		t	2023-05-17 19:29:21.205808+00	2023-05-19 02:27:37.768196+00	5
11	TR30098-Black	TR30098-Black	10	0.00	14.95	https://cdn.leoptique.com//uploads/carousel/2023-02-19/63f1fcdb20618.jpg.webp,https://cdn.leoptique.com//uploads/carousel/2023-02-19/63f1fcdb209fc.jpg.webp,https://cdn.leoptique.com//uploads/carousel/2023-02-19/63f1fcdb20c70.jpg.webp,https://cdn.leoptique.com//uploads/carousel/2023-02-19/63f1fcdb20fb0.jpg.webp		https://cdn.leoptique.com//uploads/chunk/2018-06-22/5b2cb600a3faf.jpg	black	Black		t	2023-05-17 19:29:21.205808+00	2023-05-19 02:27:37.768196+00	7
\.


--
-- Data for Name: ProductPromotion; Type: TABLE DATA; Schema: public; Owner: leo_admin
--

COPY public."ProductPromotion" (id, name, code, promo_type, promo_value, description, slug, is_featured, is_active, promo_img, created_at, updated_at) FROM stdin;
\.


--
-- Data for Name: ProductPromotion_productInstance; Type: TABLE DATA; Schema: public; Owner: leo_admin
--

COPY public."ProductPromotion_productInstance" (id, productpromotion_id, productinstance_id) FROM stdin;
\.


--
-- Data for Name: ProductReview; Type: TABLE DATA; Schema: public; Owner: leo_admin
--

COPY public."ProductReview" (id, slug, title, content, online, rating, created_at, updated_at, approved_by_id, customer_id, product_id) FROM stdin;
1	my-go-to-glasses	My go-to glasses!	I love these frames. Theyre pretty big and different, and they get lots of compliments! I have at least 5 pairs of Eye Buy Direct photos and these are still my go-to glasses. My husband said I looked like a 90s newscaster the first time he saw them on me. I took it as a compliment :)	t	5	2023-05-17 19:29:21.205808+00	2023-05-19 02:27:37.768196+00	\N	\N	1
2	my-go-to-glasses1	My go-to glasses!	I love these frames. Theyre pretty big and different, and they get lots of compliments! I have at least 5 pairs of Eye Buy Direct photos and these are still my go-to glasses. My husband said I looked like a 90s newscaster the first time he saw them on me. I took it as a compliment :)	t	5	2023-05-17 19:29:21.205808+00	2023-05-19 02:27:37.768196+00	\N	\N	1
3	my-go-to-glasses2	My go-to glasses!	I love these frames. Theyre pretty big and different, and they get lots of compliments! I have at least 5 pairs of Eye Buy Direct photos and these are still my go-to glasses. My husband said I looked like a 90s newscaster the first time he saw them on me. I took it as a compliment :)	t	5	2023-05-17 19:29:21.205808+00	2023-05-19 02:27:37.768196+00	\N	\N	1
4	my-go-to-glasses3	My go-to glasses!	I love these frames. Theyre pretty big and different, and they get lots of compliments! I have at least 5 pairs of Eye Buy Direct photos and these are still my go-to glasses. My husband said I looked like a 90s newscaster the first time he saw them on me. I took it as a compliment :)	t	5	2023-05-17 19:29:21.205808+00	2023-05-19 02:27:37.768196+00	\N	\N	1
5	my-go-to-glasses4	My go-to glasses!	I love these frames. Theyre pretty big and different, and they get lots of compliments! I have at least 5 pairs of Eye Buy Direct photos and these are still my go-to glasses. My husband said I looked like a 90s newscaster the first time he saw them on me. I took it as a compliment :)	t	5	2023-05-17 19:29:21.205808+00	2023-05-19 02:27:37.768196+00	\N	\N	1
6	my-go-to-glasses5	My go-to glasses!	I love these frames. Theyre pretty big and different, and they get lots of compliments! I have at least 5 pairs of Eye Buy Direct photos and these are still my go-to glasses. My husband said I looked like a 90s newscaster the first time he saw them on me. I took it as a compliment :)	t	5	2023-05-17 19:29:21.205808+00	2023-05-19 02:27:37.768196+00	\N	\N	1
\.


--
-- Data for Name: ProductTag; Type: TABLE DATA; Schema: public; Owner: leo_admin
--

COPY public."ProductTag" (id, slug, category, name, description, created_at, updated_at) FROM stdin;
1	besteyeglassesformen	top_selection	top_selection_for_men	Our top selection for men.	2023-05-17 19:29:21.205808+00	2023-05-19 02:27:37.768196+00
2	besteyeglassesforwomen	top_selection	top_selection_for_women	Our top selection for women.	2023-05-17 19:29:21.205808+00	2023-05-19 02:27:37.768196+00
3	besteyeglassesforfashionista	top_selection	top_selection_for_fashionista	Our top selection for fashionista.	2023-05-17 19:29:21.205808+00	2023-05-19 02:27:37.768196+00
4	besteyeglassesforeveryone	top_selection	top_selection_for_all	Our top selection for everyone.	2023-05-17 19:29:21.205808+00	2023-05-19 02:27:37.768196+00
\.


--
-- Data for Name: ProductTag_product; Type: TABLE DATA; Schema: public; Owner: leo_admin
--

COPY public."ProductTag_product" (id, producttag_id, productinfo_id) FROM stdin;
\.


--
-- Data for Name: ShoppingList; Type: TABLE DATA; Schema: public; Owner: leo_admin
--

COPY public."ShoppingList" (id, list_type, customer_id) FROM stdin;
1	SHOPPINGCART	\N
2	SHOPPINGCART	\N
\.


--
-- Data for Name: ShoppingList_product; Type: TABLE DATA; Schema: public; Owner: leo_admin
--

COPY public."ShoppingList_product" (id, shoppinglist_id, completeset_id) FROM stdin;
1	1	1
2	1	2
3	2	3
4	2	4
15	2	22
22	2	29
\.


--
-- Data for Name: SupplierInfo; Type: TABLE DATA; Schema: public; Owner: leo_admin
--

COPY public."SupplierInfo" (id, name, website, email, phone, note, created_at, updated_at) FROM stdin;
1						2023-05-17 19:29:21.205808+00	2023-05-19 02:27:37.768196+00
2		https://shop04v027u2g4095.1688.com/?tbpm=3				2023-05-17 19:29:21.205808+00	2023-05-19 02:27:37.768196+00
3		https://boruiglasses.1688.com/page/creditdetail.htm?tbpm=3&amp;spm=a2615.2177701.0.0.234b0463ftJQmS				2023-05-17 19:29:21.205808+00	2023-05-19 02:27:37.768196+00
4		https://gs5818.1688.com/page/contactinfo.htm?tbpm=3&amp;spm=a2615.2177701.0.0.64474042NE8LcQ				2023-05-17 19:29:21.205808+00	2023-05-19 02:27:37.768196+00
5		leoptique.com				2023-05-17 19:29:21.205808+00	2023-05-19 02:27:37.768196+00
6	FBS	 			 	2023-05-17 19:29:21.205808+00	2023-05-19 02:27:37.768196+00
7		 			 	2023-05-17 19:29:21.205808+00	2023-05-19 02:27:37.768196+00
8	10	10			10	2023-05-17 19:29:21.205808+00	2023-05-19 02:27:37.768196+00
9	 	1			 	2023-05-17 19:29:21.205808+00	2023-05-19 02:27:37.768196+00
10		https://leoptique.com/				2023-05-17 19:29:21.205808+00	2023-05-19 02:27:37.768196+00
11		https://leoptique.com				2023-05-17 19:29:21.205808+00	2023-05-19 02:27:37.768196+00
12						2023-05-17 19:29:21.205808+00	2023-05-19 02:27:37.768196+00
13						2023-05-17 19:29:21.205808+00	2023-05-19 02:27:37.768196+00
14		www.1688.com				2023-05-17 19:29:21.205808+00	2023-05-19 02:27:37.768196+00
15					1688 	2023-05-17 19:29:21.205808+00	2023-05-19 02:27:37.768196+00
16						2023-05-17 19:29:21.205808+00	2023-05-19 02:27:37.768196+00
17		leoptique.com				2023-05-17 19:29:21.205808+00	2023-05-19 02:27:37.768196+00
18						2023-05-17 19:29:21.205808+00	2023-05-19 02:27:37.768196+00
19						2023-05-17 19:29:21.205808+00	2023-05-19 02:27:37.768196+00
\.


--
-- Data for Name: auth_group; Type: TABLE DATA; Schema: public; Owner: leo_admin
--

COPY public.auth_group (id, name) FROM stdin;
\.


--
-- Data for Name: auth_group_permissions; Type: TABLE DATA; Schema: public; Owner: leo_admin
--

COPY public.auth_group_permissions (id, group_id, permission_id) FROM stdin;
\.


--
-- Data for Name: auth_permission; Type: TABLE DATA; Schema: public; Owner: leo_admin
--

COPY public.auth_permission (id, name, content_type_id, codename) FROM stdin;
1	Can add log entry	1	add_logentry
2	Can change log entry	1	change_logentry
3	Can delete log entry	1	delete_logentry
4	Can view log entry	1	view_logentry
5	Can add permission	2	add_permission
6	Can change permission	2	change_permission
7	Can delete permission	2	delete_permission
8	Can view permission	2	view_permission
9	Can add group	3	add_group
10	Can change group	3	change_group
11	Can delete group	3	delete_group
12	Can view group	3	view_group
13	Can add content type	4	add_contenttype
14	Can change content type	4	change_contenttype
15	Can delete content type	4	delete_contenttype
16	Can view content type	4	view_contenttype
17	Can add session	5	add_session
18	Can change session	5	change_session
19	Can delete session	5	delete_session
20	Can view session	5	view_session
21	Can add customer saved address	6	add_customersavedaddress
22	Can change customer saved address	6	change_customersavedaddress
23	Can delete customer saved address	6	delete_customersavedaddress
24	Can view customer saved address	6	view_customersavedaddress
25	Can add Saved Payment Method	7	add_customersavedpayment
26	Can change Saved Payment Method	7	change_customersavedpayment
27	Can delete Saved Payment Method	7	delete_customersavedpayment
28	Can view Saved Payment Method	7	view_customersavedpayment
29	Can add customer saved prescription	8	add_customersavedprescription
30	Can change customer saved prescription	8	change_customersavedprescription
31	Can delete customer saved prescription	8	delete_customersavedprescription
32	Can view customer saved prescription	8	view_customersavedprescription
33	Can add Shopping List	9	add_shoppinglist
34	Can change Shopping List	9	change_shoppinglist
35	Can delete Shopping List	9	delete_shoppinglist
36	Can view Shopping List	9	view_shoppinglist
37	Can add Customer	10	add_customerinfo
38	Can change Customer	10	change_customerinfo
39	Can delete Customer	10	delete_customerinfo
40	Can view Customer	10	view_customerinfo
41	Can add Product	11	add_productinfo
42	Can change Product	11	change_productinfo
43	Can delete Product	11	delete_productinfo
44	Can view Product	11	view_productinfo
45	Can add Product Instance	12	add_productinstance
46	Can change Product Instance	12	change_productinstance
47	Can delete Product Instance	12	delete_productinstance
48	Can view Product Instance	12	view_productinstance
49	Can add Product Tag	13	add_producttag
50	Can change Product Tag	13	change_producttag
51	Can delete Product Tag	13	delete_producttag
52	Can view Product Tag	13	view_producttag
53	Can add Product Review	14	add_productreview
54	Can change Product Review	14	change_productreview
55	Can delete Product Review	14	delete_productreview
56	Can view Product Review	14	view_productreview
57	Can add Product Promotion	15	add_productpromotion
58	Can change Product Promotion	15	change_productpromotion
59	Can delete Product Promotion	15	delete_productpromotion
60	Can view Product Promotion	15	view_productpromotion
61	Can add Complete Set	16	add_completeset
62	Can change Complete Set	16	change_completeset
63	Can delete Complete Set	16	delete_completeset
64	Can view Complete Set	16	view_completeset
65	Can add Order	17	add_orderinfo
66	Can change Order	17	change_orderinfo
67	Can delete Order	17	delete_orderinfo
68	Can view Order	17	view_orderinfo
69	Can add Order Update	18	add_orderupdates
70	Can change Order Update	18	change_orderupdates
71	Can delete Order Update	18	delete_orderupdates
72	Can view Order Update	18	view_orderupdates
73	Can add Order Tax	19	add_ordertax
74	Can change Order Tax	19	change_ordertax
75	Can delete Order Tax	19	delete_ordertax
76	Can view Order Tax	19	view_ordertax
77	Can add Payment	20	add_orderpayment
78	Can change Payment	20	change_orderpayment
79	Can delete Payment	20	delete_orderpayment
80	Can view Payment	20	view_orderpayment
81	Can add order line item	21	add_orderlineitem
82	Can change order line item	21	change_orderlineitem
83	Can delete order line item	21	delete_orderlineitem
84	Can view order line item	21	view_orderlineitem
85	Can add Order Image	22	add_orderimage
86	Can change Order Image	22	change_orderimage
87	Can delete Order Image	22	delete_orderimage
88	Can view Order Image	22	view_orderimage
89	Can add order has address	23	add_orderhasaddress
90	Can change order has address	23	change_orderhasaddress
91	Can delete order has address	23	delete_orderhasaddress
92	Can view order has address	23	view_orderhasaddress
93	Can add order complete prescription	24	add_ordercompleteprescription
94	Can change order complete prescription	24	change_ordercompleteprescription
95	Can delete order complete prescription	24	delete_ordercompleteprescription
96	Can view order complete prescription	24	view_ordercompleteprescription
97	Can add Address	25	add_address
98	Can change Address	25	change_address
99	Can delete Address	25	delete_address
100	Can view Address	25	view_address
101	Can add Lens Option	26	add_lensopeions
102	Can change Lens Option	26	change_lensopeions
103	Can delete Lens Option	26	delete_lensopeions
104	Can view Lens Option	26	view_lensopeions
105	Can add Presctiption	27	add_prescriptioninfo
106	Can change Presctiption	27	change_prescriptioninfo
107	Can delete Presctiption	27	delete_prescriptioninfo
108	Can view Presctiption	27	view_prescriptioninfo
109	Can add Prism	28	add_prescriptionprism
110	Can change Prism	28	change_prescriptionprism
111	Can delete Prism	28	delete_prescriptionprism
112	Can view Prism	28	view_prescriptionprism
113	Can add Accessory Image	29	add_accessoryimage
114	Can change Accessory Image	29	change_accessoryimage
115	Can delete Accessory Image	29	delete_accessoryimage
116	Can view Accessory Image	29	view_accessoryimage
117	Can add Accessory	30	add_accessoryinfo
118	Can change Accessory	30	change_accessoryinfo
119	Can delete Accessory	30	delete_accessoryinfo
120	Can view Accessory	30	view_accessoryinfo
121	Can add order line accessory	31	add_orderlineaccessory
122	Can change order line accessory	31	change_orderlineaccessory
123	Can delete order line accessory	31	delete_orderlineaccessory
124	Can view order line accessory	31	view_orderlineaccessory
125	Can add Supplier	32	add_supplierinfo
126	Can change Supplier	32	change_supplierinfo
127	Can delete Supplier	32	delete_supplierinfo
128	Can view Supplier	32	view_supplierinfo
129	Can add Lens Option	26	add_lensoptions
130	Can change Lens Option	26	change_lensoptions
131	Can delete Lens Option	26	delete_lensoptions
132	Can view Lens Option	26	view_lensoptions
133	Can add Lens Coating	33	add_lenscoating
134	Can change Lens Coating	33	change_lenscoating
135	Can delete Lens Coating	33	delete_lenscoating
136	Can view Lens Coating	33	view_lenscoating
137	Can add Lens Color	34	add_lenscolor
138	Can change Lens Color	34	change_lenscolor
139	Can delete Lens Color	34	delete_lenscolor
140	Can view Lens Color	34	view_lenscolor
141	Can add Lens Density	35	add_lensdensity
142	Can change Lens Density	35	change_lensdensity
143	Can delete Lens Density	35	delete_lensdensity
144	Can view Lens Density	35	view_lensdensity
145	Can add Lens Index	36	add_lensindex
146	Can change Lens Index	36	change_lensindex
147	Can delete Lens Index	36	delete_lensindex
148	Can view Lens Index	36	view_lensindex
149	Can add Lens Usage	37	add_lensusage
150	Can change Lens Usage	37	change_lensusage
151	Can delete Lens Usage	37	delete_lensusage
152	Can view Lens Usage	37	view_lensusage
153	Can add Token	38	add_token
154	Can change Token	38	change_token
155	Can delete Token	38	delete_token
156	Can view Token	38	view_token
157	Can add token	39	add_tokenproxy
158	Can change token	39	change_tokenproxy
159	Can delete token	39	delete_tokenproxy
160	Can view token	39	view_tokenproxy
161	Can add user	40	add_user
162	Can change user	40	change_user
163	Can delete user	40	delete_user
164	Can view user	40	view_user
165	Can add site	41	add_site
166	Can change site	41	change_site
167	Can delete site	41	delete_site
168	Can view site	41	view_site
169	Can add application	42	add_application
170	Can change application	42	change_application
171	Can delete application	42	delete_application
172	Can view application	42	view_application
173	Can add access token	43	add_accesstoken
174	Can change access token	43	change_accesstoken
175	Can delete access token	43	delete_accesstoken
176	Can view access token	43	view_accesstoken
177	Can add grant	44	add_grant
178	Can change grant	44	change_grant
179	Can delete grant	44	delete_grant
180	Can view grant	44	view_grant
181	Can add refresh token	45	add_refreshtoken
182	Can change refresh token	45	change_refreshtoken
183	Can delete refresh token	45	delete_refreshtoken
184	Can view refresh token	45	view_refreshtoken
185	Can add id token	46	add_idtoken
186	Can change id token	46	change_idtoken
187	Can delete id token	46	delete_idtoken
188	Can view id token	46	view_idtoken
189	Can add association	47	add_association
190	Can change association	47	change_association
191	Can delete association	47	delete_association
192	Can view association	47	view_association
193	Can add code	48	add_code
194	Can change code	48	change_code
195	Can delete code	48	delete_code
196	Can view code	48	view_code
197	Can add nonce	49	add_nonce
198	Can change nonce	49	change_nonce
199	Can delete nonce	49	delete_nonce
200	Can view nonce	49	view_nonce
201	Can add user social auth	50	add_usersocialauth
202	Can change user social auth	50	change_usersocialauth
203	Can delete user social auth	50	delete_usersocialauth
204	Can view user social auth	50	view_usersocialauth
205	Can add partial	51	add_partial
206	Can change partial	51	change_partial
207	Can delete partial	51	delete_partial
208	Can view partial	51	view_partial
209	Can add multi factor auth	52	add_multifactorauth
210	Can change multi factor auth	52	change_multifactorauth
211	Can delete multi factor auth	52	delete_multifactorauth
212	Can view multi factor auth	52	view_multifactorauth
213	Can add Coupon	53	add_coupon
214	Can change Coupon	53	change_coupon
215	Can delete Coupon	53	delete_coupon
216	Can view Coupon	53	view_coupon
\.


--
-- Data for Name: authtoken_token; Type: TABLE DATA; Schema: public; Owner: leo_admin
--

COPY public.authtoken_token (key, created, user_id) FROM stdin;
953a8423ed2b31c3a6286308c6c0838090ee2f8a	2023-07-12 23:53:32.799434+00	3
\.


--
-- Data for Name: django_admin_log; Type: TABLE DATA; Schema: public; Owner: leo_admin
--

COPY public.django_admin_log (id, action_time, object_id, object_repr, action_flag, change_message, content_type_id, user_id) FROM stdin;
1	2023-07-07 00:55:50.280727+00	2	Bifocal	2	[{"changed": {"fields": ["Name"]}}]	37	3
2	2023-07-07 03:22:26.166881+00	2	Tinted	3		34	3
3	2023-07-07 03:23:15.689138+00	4	Sun/Tinted	2	[{"changed": {"fields": ["Name", "Description", "Add on price"]}}]	34	3
4	2023-07-07 03:24:25.989444+00	3	Blue Light Filtering	2	[{"changed": {"fields": ["Description", "Add on price"]}}]	34	3
5	2023-07-07 03:27:45.210143+00	4	Sun/Tinted	2	[{"changed": {"fields": ["Available next lvl"]}}]	34	3
6	2023-07-07 03:32:20.364213+00	5	Photochromic	2	[{"changed": {"fields": ["Name", "Description", "Add on price", "Available next lvl"]}}]	34	3
7	2023-07-07 04:16:28.193206+00	3	Blue Light Filtering	2	[{"changed": {"fields": ["Available next lvl"]}}]	34	3
8	2023-07-07 04:22:08.861047+00	4	Sun/Tinted	2	[{"changed": {"fields": ["Available next lvl"]}}]	34	3
9	2023-07-07 04:22:46.551952+00	3	Mirrored	2	[{"changed": {"fields": ["Name"]}}]	33	3
10	2023-07-10 02:50:17.511647+00	1	Standard(1.56)	2	[{"changed": {"fields": ["Description"]}}]	36	3
11	2023-07-10 02:50:42.847319+00	2	Advanced(1.61)	2	[{"changed": {"fields": ["Description"]}}]	36	3
12	2023-07-10 02:51:05.067428+00	3	Premium(1.67)	2	[{"changed": {"fields": ["Description"]}}]	36	3
13	2023-07-10 02:51:25.209689+00	4	Superior(1.71)	2	[{"changed": {"fields": ["Description"]}}]	36	3
14	2023-07-10 02:54:08.041156+00	1	Blue Light Filtering	2	[{"changed": {"fields": ["Description"]}}]	33	3
15	2023-07-10 02:54:35.611458+00	4	Standard	1	[{"added": {}}]	33	3
16	2023-07-10 02:55:05.495738+00	2	Polarized	2	[{"changed": {"fields": ["Description"]}}]	33	3
17	2023-07-10 02:55:39.949335+00	3	Mirrored	2	[{"changed": {"fields": ["Description"]}}]	33	3
18	2023-07-10 02:56:27.774458+00	5	Anti-Fog	1	[{"added": {}}]	33	3
19	2023-07-10 02:57:25.549503+00	6	Water Proof + Anti-Dust	1	[{"added": {}}]	33	3
20	2023-07-10 02:59:55.051211+00	1	Clear	2	[{"changed": {"fields": ["Available colors", "Available next lvl"]}}]	34	3
21	2023-07-10 03:00:44.641697+00	3	Blue Light Filtering	2	[{"changed": {"fields": ["Available colors"]}}]	34	3
22	2023-07-10 03:01:21.653578+00	3	Blue Light Filtering	2	[]	34	3
23	2023-07-10 03:02:42.770557+00	4	Sun/Tinted	2	[]	34	3
24	2023-07-10 03:10:01.83547+00	1	Single Vision	2	[{"changed": {"fields": ["Description"]}}]	37	3
25	2023-07-10 03:10:01.897775+00	1	Single Vision	2	[]	37	3
26	2023-07-10 04:04:08.894679+00	5	Photochromic	2	[{"changed": {"fields": ["Available next lvl"]}}]	34	3
27	2023-07-10 04:08:16.619091+00	5	Photochromic	2	[{"changed": {"fields": ["Available next lvl"]}}]	34	3
28	2023-07-10 04:08:53.486195+00	5	Photochromic	2	[{"changed": {"fields": ["Available next lvl"]}}]	34	3
29	2023-07-14 04:12:04.625277+00	4	user0@user.com	1	[{"added": {}}]	10	3
30	2023-07-17 00:31:24.352556+00	4	TR691	2	[{"changed": {"fields": ["Name", "Rmb price", "Price", "Description", "Letter size", "String size", "Frame weight", "Frame width", "Lens width", "Bridge", "Temple length", "Lens height", "Upper wearable width", "Lower wearable width", "Frame style", "Pd upper range", "Pd lower range"]}}]	11	3
31	2023-08-07 21:33:31.237755+00	1	OAuth-test1	1	[{"added": {}}]	42	3
32	2023-08-08 02:14:38.149213+00	1	OAuth-test1	2	[]	42	3
33	2023-08-08 02:15:08.447596+00	2	test-2	1	[{"added": {}}]	42	3
34	2023-08-08 02:35:33.728558+00	2	test-2	3		42	3
35	2023-08-08 02:45:27.174551+00	7	super2@user.com	1	[{"added": {}}]	10	3
36	2023-08-08 02:46:01.452735+00	1	OAuth-test1	2	[{"changed": {"fields": ["User"]}}]	42	3
37	2023-08-25 00:25:32.389125+00	3	OrderInfo object (3)	1	[{"added": {}}]	17	3
38	2023-08-25 02:13:08.772968+00	4	CompleteSet object (4)	2	[{"changed": {"fields": ["Order"]}}]	16	3
39	2023-08-27 02:32:17.090086+00	1	Address object (1)	1	[{"added": {}}]	25	3
40	2023-08-27 02:34:15.799045+00	3	OrderInfo object (3)	2	[{"changed": {"fields": ["Address"]}}]	17	3
41	2023-08-29 20:00:54.114014+00	5	CompleteSet object (5)	3		16	3
42	2023-08-29 22:08:28.515313+00	18	CompleteSet object (18)	3		16	3
43	2023-08-29 22:08:28.534131+00	17	CompleteSet object (17)	3		16	3
44	2023-08-29 22:08:28.535656+00	16	CompleteSet object (16)	3		16	3
45	2023-08-29 22:08:28.536896+00	15	CompleteSet object (15)	3		16	3
46	2023-08-29 22:08:28.538123+00	14	CompleteSet object (14)	3		16	3
47	2023-08-29 22:08:28.539216+00	13	CompleteSet object (13)	3		16	3
48	2023-08-29 22:08:28.540942+00	12	CompleteSet object (12)	3		16	3
49	2023-08-29 22:08:28.541811+00	11	CompleteSet object (11)	3		16	3
50	2023-08-29 22:08:28.542569+00	10	CompleteSet object (10)	3		16	3
51	2023-08-29 22:08:57.864248+00	9	CompleteSet object (9)	3		16	3
52	2023-08-29 22:08:57.88488+00	8	CompleteSet object (8)	3		16	3
53	2023-08-29 22:08:57.886522+00	7	CompleteSet object (7)	3		16	3
54	2023-08-30 00:51:24.340489+00	21	CompleteSet object (21)	3		16	3
\.


--
-- Data for Name: django_content_type; Type: TABLE DATA; Schema: public; Owner: leo_admin
--

COPY public.django_content_type (id, app_label, model) FROM stdin;
1	admin	logentry
2	auth	permission
3	auth	group
4	contenttypes	contenttype
5	sessions	session
6	Customer	customersavedaddress
7	Customer	customersavedpayment
8	Customer	customersavedprescription
9	Customer	shoppinglist
10	Customer	customerinfo
11	Product	productinfo
12	Product	productinstance
13	Product	producttag
14	Product	productreview
15	Product	productpromotion
16	Order	completeset
17	Order	orderinfo
18	Order	orderupdates
19	Order	ordertax
20	Order	orderpayment
21	Order	orderlineitem
22	Order	orderimage
23	Order	orderhasaddress
24	Order	ordercompleteprescription
25	General	address
27	Prescription	prescriptioninfo
28	Prescription	prescriptionprism
29	Accessory	accessoryimage
30	Accessory	accessoryinfo
31	Accessory	orderlineaccessory
32	Supplier	supplierinfo
26	Lens	lensoptions
33	Lens	lenscoating
34	Lens	lenscolor
35	Lens	lensdensity
36	Lens	lensindex
37	Lens	lensusage
38	authtoken	token
39	authtoken	tokenproxy
40	Customer	user
41	sites	site
42	oauth2_provider	application
43	oauth2_provider	accesstoken
44	oauth2_provider	grant
45	oauth2_provider	refreshtoken
46	oauth2_provider	idtoken
47	social_django	association
48	social_django	code
49	social_django	nonce
50	social_django	usersocialauth
51	social_django	partial
52	drf_social_oauth2	multifactorauth
53	General	coupon
\.


--
-- Data for Name: django_migrations; Type: TABLE DATA; Schema: public; Owner: leo_admin
--

COPY public.django_migrations (id, app, name, applied) FROM stdin;
1	Supplier	0001_initial	2023-07-05 02:57:35.491836+00
2	contenttypes	0001_initial	2023-07-05 02:57:35.514118+00
3	contenttypes	0002_remove_content_type_name	2023-07-05 02:57:35.522923+00
4	auth	0001_initial	2023-07-05 02:57:35.583542+00
5	auth	0002_alter_permission_name_max_length	2023-07-05 02:57:35.589333+00
6	auth	0003_alter_user_email_max_length	2023-07-05 02:57:35.594209+00
7	auth	0004_alter_user_username_opts	2023-07-05 02:57:35.598955+00
8	auth	0005_alter_user_last_login_null	2023-07-05 02:57:35.603579+00
9	auth	0006_require_contenttypes_0002	2023-07-05 02:57:35.606621+00
10	auth	0007_alter_validators_add_error_messages	2023-07-05 02:57:35.611211+00
11	auth	0008_alter_user_username_max_length	2023-07-05 02:57:35.615994+00
12	auth	0009_alter_user_last_name_max_length	2023-07-05 02:57:35.620735+00
13	auth	0010_alter_group_name_max_length	2023-07-05 02:57:35.6331+00
14	auth	0011_update_proxy_permissions	2023-07-05 02:57:35.638785+00
15	auth	0012_alter_user_first_name_max_length	2023-07-05 02:57:35.643243+00
16	General	0001_initial	2023-07-05 02:57:35.654871+00
17	Customer	0001_initial	2023-07-05 02:57:35.739019+00
18	Product	0001_initial	2023-07-05 02:57:35.880649+00
19	Prescription	0001_initial	2023-07-05 02:57:35.902535+00
20	Order	0001_initial	2023-07-05 02:57:36.150042+00
21	Accessory	0001_initial	2023-07-05 02:57:36.186841+00
22	Accessory	0002_initial	2023-07-05 02:57:36.243527+00
23	Customer	0002_initial	2023-07-05 02:57:36.340736+00
24	Lens	0001_initial	2023-07-05 02:57:36.354673+00
25	admin	0001_initial	2023-07-05 02:57:36.393453+00
26	admin	0002_logentry_remove_auto_add	2023-07-05 02:57:36.404678+00
27	admin	0003_logentry_add_action_flag_choices	2023-07-05 02:57:36.415443+00
28	sessions	0001_initial	2023-07-05 02:57:36.432546+00
29	Lens	0002_rename_lensopeions_lensoptions	2023-07-05 20:47:09.25163+00
30	Order	0002_remove_completeset_customization_and_more	2023-07-05 20:47:09.433706+00
31	Lens	0003_alter_lensoptions_table	2023-07-05 20:52:23.93261+00
32	Order	0003_alter_completeset_table	2023-07-05 20:52:23.96017+00
33	Lens	0004_lensoptions_category_alter_lensoptions_name	2023-07-05 20:54:51.30178+00
34	Lens	0005_alter_lensoptions_category	2023-07-05 20:55:33.172305+00
35	Lens	0006_lensoptions_image_url	2023-07-05 21:04:04.607694+00
36	Lens	0007_lenscoating_lenscolor_lensdensity_lensindex_and_more	2023-07-06 00:19:14.745621+00
37	Order	0004_completeset_coating_completeset_color_and_more	2023-07-06 00:19:14.85093+00
38	Lens	0008_lensdensity_image_url	2023-07-06 00:38:46.466001+00
39	Customer	0003_customerinfo_is_staff	2023-07-06 02:06:15.498006+00
40	Customer	0004_alter_customerinfo_birth_date_and_more	2023-07-06 02:07:45.069801+00
41	Lens	0009_lenscoating_available_next_lvl_and_more	2023-07-06 02:13:34.12364+00
42	Lens	0010_alter_lenscoating_available_next_lvl_and_more	2023-07-06 02:16:19.227819+00
43	Order	0005_remove_completeset_options	2023-07-10 02:48:10.422449+00
44	Lens	0011_delete_lensoptions	2023-07-10 02:48:10.453871+00
45	Lens	0012_remove_lensdensity_available_next_lvl	2023-07-10 03:14:35.365942+00
46	authtoken	0001_initial	2023-07-12 23:53:20.530479+00
47	authtoken	0002_auto_20160226_1747	2023-07-12 23:53:20.571465+00
48	authtoken	0003_tokenproxy	2023-07-12 23:53:20.578432+00
49	Customer	0005_alter_customersavedaddress_options_and_more	2023-07-13 19:55:41.801119+00
50	Customer	0006_remove_customerinfo_customer_saved_addresses_and_more	2023-07-14 04:10:38.767212+00
51	Customer	0007_alter_customerinfo_saved_prescription	2023-07-14 04:11:28.301526+00
52	Customer	0008_rename_email_customerinfo_username	2023-07-14 04:46:25.678564+00
53	Customer	0009_user	2023-07-16 01:28:19.893403+00
54	Customer	0010_delete_user_customerinfo_date_joined_and_more	2023-07-16 01:38:46.68016+00
55	Order	0006_completeset_sub_color_completeset_sub_total	2023-07-21 00:38:16.262073+00
56	oauth2_provider	0001_initial	2023-08-07 21:30:04.954621+00
57	oauth2_provider	0002_auto_20190406_1805	2023-08-07 21:30:04.994277+00
58	oauth2_provider	0003_auto_20201211_1314	2023-08-07 21:30:05.010265+00
59	oauth2_provider	0004_auto_20200902_2022	2023-08-07 21:30:05.108022+00
60	oauth2_provider	0005_auto_20211222_2352	2023-08-07 21:30:05.189009+00
61	oauth2_provider	0006_alter_application_client_secret	2023-08-07 21:30:05.240578+00
62	oauth2_provider	0007_application_post_logout_redirect_uris	2023-08-07 21:30:05.26009+00
63	sites	0001_initial	2023-08-07 21:30:05.274043+00
64	sites	0002_alter_domain_unique	2023-08-07 21:30:05.285433+00
65	default	0001_initial	2023-08-07 21:30:05.352849+00
66	social_auth	0001_initial	2023-08-07 21:30:05.35904+00
67	default	0002_add_related_name	2023-08-07 21:30:05.379227+00
68	social_auth	0002_add_related_name	2023-08-07 21:30:05.385646+00
69	default	0003_alter_email_max_length	2023-08-07 21:30:05.398798+00
70	social_auth	0003_alter_email_max_length	2023-08-07 21:30:05.404821+00
71	default	0004_auto_20160423_0400	2023-08-07 21:30:05.417815+00
72	social_auth	0004_auto_20160423_0400	2023-08-07 21:30:05.423922+00
73	social_auth	0005_auto_20160727_2333	2023-08-07 21:30:05.4344+00
74	social_django	0006_partial	2023-08-07 21:30:05.454177+00
75	social_django	0007_code_timestamp	2023-08-07 21:30:05.465739+00
76	social_django	0008_partial_timestamp	2023-08-07 21:30:05.477194+00
77	social_django	0009_auto_20191118_0520	2023-08-07 21:30:05.49882+00
78	social_django	0010_uid_db_index	2023-08-07 21:30:05.515417+00
79	social_django	0011_alter_id_fields	2023-08-07 21:30:05.624998+00
80	social_django	0003_alter_email_max_length	2023-08-07 21:30:05.648204+00
81	social_django	0002_add_related_name	2023-08-07 21:30:05.654898+00
82	social_django	0005_auto_20160727_2333	2023-08-07 21:30:05.661254+00
83	social_django	0001_initial	2023-08-07 21:30:05.667481+00
84	social_django	0004_auto_20160423_0400	2023-08-07 21:30:05.673648+00
85	General	0002_coupon	2023-08-14 16:14:42.404041+00
86	Order	0007_orderinfo_address	2023-08-27 02:27:26.169279+00
87	Order	0008_remove_orderinfo_address_orderinfo_address	2023-08-27 02:33:49.026111+00
\.


--
-- Data for Name: django_session; Type: TABLE DATA; Schema: public; Owner: leo_admin
--

COPY public.django_session (session_key, session_data, expire_date) FROM stdin;
2p6pamb4408d3if2uev0mn27vmb49jqi	.eJxVjEEOwiAQRe_C2hCYAmFcuvcMhIFBqgaS0q6Md9cmXej2v_f-S4S4rTVsg5cwZ3EWkzj9bhTTg9sO8j22W5ept3WZSe6KPOiQ1575eTncv4MaR_3WVhNkq9CBdU4TsiLUhpJJBiKD9-C8N5OyNBFCxqwKFobiEVNiE8X7A78GN4I:1qHEQ5:pNUJ091osiSIN9WPMPWygU85Uk3gJpC-u5-1XBl1uTk	2023-07-20 02:08:33.505716+00
jutsi164n6v1qcbjfwx8r765oilsjhwi	.eJxVjEEOwiAQRe_C2hCYAmFcuvcMhIFBqgaS0q6Md9cmXej2v_f-S4S4rTVsg5cwZ3EWkzj9bhTTg9sO8j22W5ept3WZSe6KPOiQ1575eTncv4MaR_3WVhNkq9CBdU4TsiLUhpJJBiKD9-C8N5OyNBFCxqwKFobiEVNiE8X7A78GN4I:1qNwwG:WWaJax3OWOMp-ZEDBQl41L0jbH-WZcCf55roXW-Ds1Y	2023-08-07 14:53:32.510719+00
556ps07gz99o5svmhh80pbnr162wxtf5	.eJxVjEsOAiEQBe_C2hDkJ7h07xlIN93IqIFkmFkZ766TzEK3r6reSyRYl5rWwXOaSJyFF4ffDSE_uG2A7tBuXebelnlCuSlyp0NeO_Hzsrt_BxVG_daoAB0hcXYa2fHJaoeuaF-QrQm2kPFRKUVHTyqWEDnHGI3Slk0IwOL9AQq0OEI:1qRiO9:ZRMWT8U2mHG_4kaNbiG7DlZpqTyJoGNTvkS81JkNEVg	2023-08-18 00:09:53.963292+00
dyjywlnub7lhwk5x97zywj77dvxkcjst	.eJxVjEsOAiEQBe_C2hDkJ7h07xlIN93IqIFkmFkZ766TzEK3r6reSyRYl5rWwXOaSJyFF4ffDSE_uG2A7tBuXebelnlCuSlyp0NeO_Hzsrt_BxVG_daoAB0hcXYa2fHJaoeuaF-QrQm2kPFRKUVHTyqWEDnHGI3Slk0IwOL9AQq0OEI:1qRidm:swk7rpFPjeIT6yR6bIfWIe7JkiMlxuYaKRpdRimu9lE	2023-08-18 00:26:02.634553+00
yjpk77ycon3f4xeeib5dcav2benpmeqa	.eJxVjEEOwiAQRe_C2hCYAmFcuvcMhIFBqgaS0q6Md9cmXej2v_f-S4S4rTVsg5cwZ3EWkzj9bhTTg9sO8j22W5ept3WZSe6KPOiQ1575eTncv4MaR_3WVhNkq9CBdU4TsiLUhpJJBiKD9-C8N5OyNBFCxqwKFobiEVNiE8X7A78GN4I:1qT7nz:dYEIhjh4V0HyNPzWyz43rX84bJaMj4q38IUjdjoGwjM	2023-08-21 21:30:23.006842+00
zbf7bex5192nnz7g2kebjhl5v61hdw3j	e30:1qV1JV:dQKOeemZ7Y4BOrpBid0TZ63nnIHqInC0NJ0ve565xA4	2023-08-27 02:58:45.685967+00
46nxyszj87r6xinroeu31tbgqe2fqaqv	e30:1qV1KJ:uzTkruph9aR9MFsnVl5lAIHmSxIDCs7Kvcm9v4ss9uY	2023-08-27 02:59:35.174766+00
azalm4mggmoqt317nio05nen5dnp1or3	e30:1qV1Lo:cqFBciyNVwpytDhVTC1_FNJOfdEsoXpfYGrb0dBbAD4	2023-08-27 03:01:08.806466+00
iemunzwtij9xszwzrt8oe3djfz5aaw4r	.eJxVjEEOwiAQRe_C2hAopXRcuu8ZCDAzUjWQlHZlvLsh6UK3_73338KHY8_-aLT5FcVVgLj8bjGkJ5UO8BHKvcpUy76tUXZFnrTJpSK9bqf7d5BDy70OoxssEGu0PKuRp2immDgmYxwDKqVgNoCD46gZSbvgCAHYWTYIJD5f_uI4vQ:1qV1Ow:adSqm42n4r9HE12lSOcZS4uwW6acBa4WkSTZuxeXMnQ	2023-08-27 03:04:22.98393+00
dtr199ufpfdtzkcf4sruhrlp5xzvc1bi	.eJxVjEEOwiAQRe_C2hAopXRcuu8ZCDAzUjWQlHZlvLsh6UK3_73338KHY8_-aLT5FcVVgLj8bjGkJ5UO8BHKvcpUy76tUXZFnrTJpSK9bqf7d5BDy70OoxssEGu0PKuRp2immDgmYxwDKqVgNoCD46gZSbvgCAHYWTYIJD5f_uI4vQ:1qV1Rx:n0WNCQzoqsm45dQtV5NUFjMHlTfx5D5lVqWz05wsCJM	2023-08-27 03:07:29.635144+00
ibefstd96lssnx8n3czgkeg3pd55htbo	.eJxVjEEOwiAQRe_C2hAopXRcuu8ZCDAzUjWQlHZlvLsh6UK3_73338KHY8_-aLT5FcVVgLj8bjGkJ5UO8BHKvcpUy76tUXZFnrTJpSK9bqf7d5BDy70OoxssEGu0PKuRp2immDgmYxwDKqVgNoCD46gZSbvgCAHYWTYIJD5f_uI4vQ:1qV1SF:NlbnxShKQ9wGtlLxPBgaYqnNXnSN4dw-hFVRA3ojXVU	2023-08-27 03:07:47.72566+00
girsvicj7e99odooek63dcs2na5w2o31	.eJxVjEEOwiAQRe_C2hAopXRcuu8ZCDAzUjWQlHZlvLsh6UK3_73338KHY8_-aLT5FcVVgLj8bjGkJ5UO8BHKvcpUy76tUXZFnrTJpSK9bqf7d5BDy70OoxssEGu0PKuRp2immDgmYxwDKqVgNoCD46gZSbvgCAHYWTYIJD5f_uI4vQ:1qV1Ss:xCVz4FOj2-1ovzHy3tT9bCmAz5UQ2ZsTo7Vo-i9sZwQ	2023-08-27 03:08:26.409303+00
6z4lzwr7a6q0d8dw0zohzsyjayo8hq8l	.eJxVjEEOwiAQRe_C2hAopXRcuu8ZCDAzUjWQlHZlvLsh6UK3_73338KHY8_-aLT5FcVVgLj8bjGkJ5UO8BHKvcpUy76tUXZFnrTJpSK9bqf7d5BDy70OoxssEGu0PKuRp2immDgmYxwDKqVgNoCD46gZSbvgCAHYWTYIJD5f_uI4vQ:1qV1TL:w2B2o6WKitcYFFDOE48XSAae9Z4mQNJX6ZYQqWkK0jE	2023-08-27 03:08:55.616577+00
5e9ijpojbzq4m0u61xfaw9bdv75vzv82	.eJxVjEEOwiAQRe_C2hAopXRcuu8ZCDAzUjWQlHZlvLsh6UK3_73338KHY8_-aLT5FcVVgLj8bjGkJ5UO8BHKvcpUy76tUXZFnrTJpSK9bqf7d5BDy70OoxssEGu0PKuRp2immDgmYxwDKqVgNoCD46gZSbvgCAHYWTYIJD5f_uI4vQ:1qV1UU:DHehd0Q83pICdRXnJBJCgnkX_7nFlkghRhAmKnfCyxI	2023-08-27 03:10:06.124421+00
hs6y59invu1ddu3wvoi66b6hl6rquy6r	.eJxVjEEOwiAQRe_C2hAopXRcuu8ZCDAzUjWQlHZlvLsh6UK3_73338KHY8_-aLT5FcVVgLj8bjGkJ5UO8BHKvcpUy76tUXZFnrTJpSK9bqf7d5BDy70OoxssEGu0PKuRp2immDgmYxwDKqVgNoCD46gZSbvgCAHYWTYIJD5f_uI4vQ:1qV1Uu:nT2LSilM02U9R2yHoq5yl64S9CncZ4uIllV4ucyhIZg	2023-08-27 03:10:32.400461+00
omtzfm6caxrcvnhu2pvrno63esuvkbf0	.eJxVjEsOAiEQBe_C2hDkJ7h07xlIN93IqIFkmFkZ766TzEK3r6reSyRYl5rWwXOaSJyFF4ffDSE_uG2A7tBuXebelnlCuSlyp0NeO_Hzsrt_BxVG_daoAB0hcXYa2fHJaoeuaF-QrQm2kPFRKUVHTyqWEDnHGI3Slk0IwOL9AQq0OEI:1qV1YI:oL1Zdbp7wAL6c2YyA6cj1IjR7a1WSHAi2iEcF3ZSE6w	2023-08-27 03:14:02.513564+00
83eptye26us75zzheugard40rn622vsx	.eJxVjEsOAiEQBe_C2hDkJ7h07xlIN93IqIFkmFkZ766TzEK3r6reSyRYl5rWwXOaSJyFF4ffDSE_uG2A7tBuXebelnlCuSlyp0NeO_Hzsrt_BxVG_daoAB0hcXYa2fHJaoeuaF-QrQm2kPFRKUVHTyqWEDnHGI3Slk0IwOL9AQq0OEI:1qV1be:EHaPKMu-QY9paIQJrsKNwfdDGLXLMEc16XQ7UsPdPj0	2023-08-27 03:17:30.598391+00
8wkbksst7n4ppqv4p9teqbomy61v04pd	.eJxVjEsOAiEQBe_C2hDkJ7h07xlIN93IqIFkmFkZ766TzEK3r6reSyRYl5rWwXOaSJyFF4ffDSE_uG2A7tBuXebelnlCuSlyp0NeO_Hzsrt_BxVG_daoAB0hcXYa2fHJaoeuaF-QrQm2kPFRKUVHTyqWEDnHGI3Slk0IwOL9AQq0OEI:1qV1jD:LfHcLP3PwqCH85-6yJc01YlXwhL0f3OyIr3chJss7Fs	2023-08-27 03:25:19.034728+00
n0dtcfwlm03k3zjrosmvt1tbv5t1xxul	.eJxVjEsOAiEQBe_C2hDkJ7h07xlIN93IqIFkmFkZ766TzEK3r6reSyRYl5rWwXOaSJyFF4ffDSE_uG2A7tBuXebelnlCuSlyp0NeO_Hzsrt_BxVG_daoAB0hcXYa2fHJaoeuaF-QrQm2kPFRKUVHTyqWEDnHGI3Slk0IwOL9AQq0OEI:1qV1jl:p_5OjedvurtjIAvRMDmIZakp3kQA29dATnPzqiou8lY	2023-08-27 03:25:53.720629+00
91ass0mz4akc5v5a8qijqixubln62lga	.eJxVjEsOAiEQBe_C2hDkJ7h07xlIN93IqIFkmFkZ766TzEK3r6reSyRYl5rWwXOaSJyFF4ffDSE_uG2A7tBuXebelnlCuSlyp0NeO_Hzsrt_BxVG_daoAB0hcXYa2fHJaoeuaF-QrQm2kPFRKUVHTyqWEDnHGI3Slk0IwOL9AQq0OEI:1qV1lU:zzxxvFvO5Sp6VDhUfqzUiID5Ar_miGq1H5V4veORSCY	2023-08-27 03:27:40.68541+00
g0w657t2h8v1em3vuz7ct6ykvpf5xlvc	.eJxVjEEOwiAQRe_C2hAopXRcuu8ZCDAzUjWQlHZlvLsh6UK3_73338KHY8_-aLT5FcVVgLj8bjGkJ5UO8BHKvcpUy76tUXZFnrTJpSK9bqf7d5BDy70OoxssEGu0PKuRp2immDgmYxwDKqVgNoCD46gZSbvgCAHYWTYIJD5f_uI4vQ:1qV1r6:UsPc18JtfPGFfyKQUFEF2GSROsn3gQAkJowfJdQuA8g	2023-08-27 03:33:28.898341+00
lgextan6kctrnmgbynvcp3otmbbnldxj	.eJxVjEsOAiEQBe_C2hDkJ7h07xlIN93IqIFkmFkZ766TzEK3r6reSyRYl5rWwXOaSJyFF4ffDSE_uG2A7tBuXebelnlCuSlyp0NeO_Hzsrt_BxVG_daoAB0hcXYa2fHJaoeuaF-QrQm2kPFRKUVHTyqWEDnHGI3Slk0IwOL9AQq0OEI:1qV1t8:JiibYri-QvVBu9qMg45lUhYCV8mey6gQQ_-SCQRvN8M	2023-08-27 03:35:34.148899+00
lf1u4adamk0i1dwhh4g4sal4ibiz11zm	.eJxVjEsOAiEQBe_C2hDkJ7h07xlIN93IqIFkmFkZ766TzEK3r6reSyRYl5rWwXOaSJyFF4ffDSE_uG2A7tBuXebelnlCuSlyp0NeO_Hzsrt_BxVG_daoAB0hcXYa2fHJaoeuaF-QrQm2kPFRKUVHTyqWEDnHGI3Slk0IwOL9AQq0OEI:1qV1wI:2H2sVv3_tVVsmw56DheQHGQcKAQPj886u9eE25R4TsA	2023-08-27 03:38:50.72425+00
joso9o6rmro0zw70v737asvuw7oxxuyr	.eJxVjEsOAiEQBe_C2hDkJ7h07xlIN93IqIFkmFkZ766TzEK3r6reSyRYl5rWwXOaSJyFF4ffDSE_uG2A7tBuXebelnlCuSlyp0NeO_Hzsrt_BxVG_daoAB0hcXYa2fHJaoeuaF-QrQm2kPFRKUVHTyqWEDnHGI3Slk0IwOL9AQq0OEI:1qV2q7:63IrsDsAwiZWGDd5zsbNmmea1Q887t4xespsYQaa-t0	2023-08-27 04:36:31.840143+00
weffd9539lergw9kmofngmzy8f649y8q	.eJxVjEsOAiEQBe_C2hDkJ7h07xlIN93IqIFkmFkZ766TzEK3r6reSyRYl5rWwXOaSJyFF4ffDSE_uG2A7tBuXebelnlCuSlyp0NeO_Hzsrt_BxVG_daoAB0hcXYa2fHJaoeuaF-QrQm2kPFRKUVHTyqWEDnHGI3Slk0IwOL9AQq0OEI:1qV2ql:aL3yZyLp1POLBPUApu70wQmlg1xtmOa8HgLJUNnXQBM	2023-08-27 04:37:11.385316+00
g46hs1m5u9jbbtcitpmff0wuuvv56dhf	.eJxVjEsOAiEQBe_C2hDkJ7h07xlIN93IqIFkmFkZ766TzEK3r6reSyRYl5rWwXOaSJyFF4ffDSE_uG2A7tBuXebelnlCuSlyp0NeO_Hzsrt_BxVG_daoAB0hcXYa2fHJaoeuaF-QrQm2kPFRKUVHTyqWEDnHGI3Slk0IwOL9AQq0OEI:1qV2qs:bqXhNNcS-GAVK1E-t3hyzb6h9fWykOt7ca4qPQR-AcA	2023-08-27 04:37:18.259217+00
7ikvxp6jru7lqvy06y2p101u3yoijsmp	.eJxVjEsOAiEQBe_C2hDkJ7h07xlIN93IqIFkmFkZ766TzEK3r6reSyRYl5rWwXOaSJyFF4ffDSE_uG2A7tBuXebelnlCuSlyp0NeO_Hzsrt_BxVG_daoAB0hcXYa2fHJaoeuaF-QrQm2kPFRKUVHTyqWEDnHGI3Slk0IwOL9AQq0OEI:1qV2sI:8AwfpTmUXVGQdn7mMeMyK9dhcJS_V7J0eSIgIiSIgpo	2023-08-27 04:38:46.878683+00
3lzellw1rx9w2l0y0m386ve2b843loh6	.eJxVjEsOAiEQBe_C2hDkJ7h07xlIN93IqIFkmFkZ766TzEK3r6reSyRYl5rWwXOaSJyFF4ffDSE_uG2A7tBuXebelnlCuSlyp0NeO_Hzsrt_BxVG_daoAB0hcXYa2fHJaoeuaF-QrQm2kPFRKUVHTyqWEDnHGI3Slk0IwOL9AQq0OEI:1qV2sn:8U2TzJEPBWG9_GCQaVK97E3V0YyrSy1ESL4bi7xNtU0	2023-08-27 04:39:17.625827+00
fw4x3xuf2vh03hgn72erttu0icfhhsrc	.eJxVjEsOAiEQBe_C2hDkJ7h07xlIN93IqIFkmFkZ766TzEK3r6reSyRYl5rWwXOaSJyFF4ffDSE_uG2A7tBuXebelnlCuSlyp0NeO_Hzsrt_BxVG_daoAB0hcXYa2fHJaoeuaF-QrQm2kPFRKUVHTyqWEDnHGI3Slk0IwOL9AQq0OEI:1qV2ub:FFXnofI25_Cuwni4T20AqMjb3TrD-2vvkXd1dvwl7kI	2023-08-27 04:41:09.015693+00
xndnamn8idc2xgipdgp3p9t6ui4r76lq	.eJxVjEsOAiEQBe_C2hDkJ7h07xlIN93IqIFkmFkZ766TzEK3r6reSyRYl5rWwXOaSJyFF4ffDSE_uG2A7tBuXebelnlCuSlyp0NeO_Hzsrt_BxVG_daoAB0hcXYa2fHJaoeuaF-QrQm2kPFRKUVHTyqWEDnHGI3Slk0IwOL9AQq0OEI:1qV2w4:VlNB0fbo1Cle03oABip7sm_-GiVAV8nsRq4oi163las	2023-08-27 04:42:40.804446+00
tyx2r2xfo0ijblo1g75orydurctzatt0	.eJxVjEsOAiEQBe_C2hDkJ7h07xlIN93IqIFkmFkZ766TzEK3r6reSyRYl5rWwXOaSJyFF4ffDSE_uG2A7tBuXebelnlCuSlyp0NeO_Hzsrt_BxVG_daoAB0hcXYa2fHJaoeuaF-QrQm2kPFRKUVHTyqWEDnHGI3Slk0IwOL9AQq0OEI:1qV3JN:2wuj6fAe4mmhWbZTD1sE-npbDhTxmAt7mGuCFulRz1U	2023-08-27 05:06:45.135169+00
j00yk3sdvhsxhldcmgrm3ypjiap6yw6q	.eJxVjEsOAiEQBe_C2hDkJ7h07xlIN93IqIFkmFkZ766TzEK3r6reSyRYl5rWwXOaSJyFF4ffDSE_uG2A7tBuXebelnlCuSlyp0NeO_Hzsrt_BxVG_daoAB0hcXYa2fHJaoeuaF-QrQm2kPFRKUVHTyqWEDnHGI3Slk0IwOL9AQq0OEI:1qV3K7:5uWVGnRwVZCkeuwGUpBT0SUV0eh_sVO-pfDMtbMG0BQ	2023-08-27 05:07:31.161953+00
8d6vxtbt8urwr7ruxndytp0ix5vk5j8e	.eJxVjEsOAiEQBe_C2hDkJ7h07xlIN93IqIFkmFkZ766TzEK3r6reSyRYl5rWwXOaSJyFF4ffDSE_uG2A7tBuXebelnlCuSlyp0NeO_Hzsrt_BxVG_daoAB0hcXYa2fHJaoeuaF-QrQm2kPFRKUVHTyqWEDnHGI3Slk0IwOL9AQq0OEI:1qV3La:UUDuCEm0lSTpAhljSzZ0ZQfCZfGqhr-FpM6D-hy6Mg4	2023-08-27 05:09:02.554018+00
ou2jngqphi2qdi9qvopwwl1olpiacv2z	.eJxVjEEOwiAQRe_C2hAopXRcuu8ZCDAzUjWQlHZlvLsh6UK3_73338KHY8_-aLT5FcVVgLj8bjGkJ5UO8BHKvcpUy76tUXZFnrTJpSK9bqf7d5BDy70OoxssEGu0PKuRp2immDgmYxwDKqVgNoCD46gZSbvgCAHYWTYIJD5f_uI4vQ:1qV3Mw:H8YE3NjMS1557JcXQg_6qJ9av6YPZRf4yoBan3hZY9c	2023-08-27 05:10:26.637075+00
z2pdmy5f9i5l28sasuhk9t8nk7whrw3p	.eJxVjEsOAiEQBe_C2hDkJ7h07xlIN93IqIFkmFkZ766TzEK3r6reSyRYl5rWwXOaSJyFF4ffDSE_uG2A7tBuXebelnlCuSlyp0NeO_Hzsrt_BxVG_daoAB0hcXYa2fHJaoeuaF-QrQm2kPFRKUVHTyqWEDnHGI3Slk0IwOL9AQq0OEI:1qVCVG:pWvg1EsCrzdz5QCdiZQ4w6L4h-MgdTaCK94_8kq5yTs	2023-08-27 14:55:38.638529+00
9wgeccbb7uefxy69zz8oaudsio1wzd0l	.eJxVjEsOAiEQBe_C2hDkJ7h07xlIN93IqIFkmFkZ766TzEK3r6reSyRYl5rWwXOaSJyFF4ffDSE_uG2A7tBuXebelnlCuSlyp0NeO_Hzsrt_BxVG_daoAB0hcXYa2fHJaoeuaF-QrQm2kPFRKUVHTyqWEDnHGI3Slk0IwOL9AQq0OEI:1qVCVY:dNx0XFud7D8iygmmOospL36035lvUYJ1V_Hs99Q9ZnQ	2023-08-27 14:55:56.644294+00
os2lvhczn4g6llyyda24np3azpv7mm43	.eJxVjEsOAiEQBe_C2hDkJ7h07xlIN93IqIFkmFkZ766TzEK3r6reSyRYl5rWwXOaSJyFF4ffDSE_uG2A7tBuXebelnlCuSlyp0NeO_Hzsrt_BxVG_daoAB0hcXYa2fHJaoeuaF-QrQm2kPFRKUVHTyqWEDnHGI3Slk0IwOL9AQq0OEI:1qVCdo:Gw24Pbo2Fw0JIkolaCauBtrvVSpO_M2NnV0JpA_1ims	2023-08-27 15:04:28.267391+00
4fldth0k793n8beoquqfjlzhfoc6ejhl	.eJxVjEsOAiEQBe_C2hDkJ7h07xlIN93IqIFkmFkZ766TzEK3r6reSyRYl5rWwXOaSJyFF4ffDSE_uG2A7tBuXebelnlCuSlyp0NeO_Hzsrt_BxVG_daoAB0hcXYa2fHJaoeuaF-QrQm2kPFRKUVHTyqWEDnHGI3Slk0IwOL9AQq0OEI:1qVCxM:1vgac-UwzIRERaFLlpqGBQVqCdSRnq3NwwKsiy9wVQE	2023-08-27 15:24:40.571446+00
4kmxzd2lrifptddv85x2xewtbt5oep9m	.eJxVjEsOAiEQBe_C2hDkJ7h07xlIN93IqIFkmFkZ766TzEK3r6reSyRYl5rWwXOaSJyFF4ffDSE_uG2A7tBuXebelnlCuSlyp0NeO_Hzsrt_BxVG_daoAB0hcXYa2fHJaoeuaF-QrQm2kPFRKUVHTyqWEDnHGI3Slk0IwOL9AQq0OEI:1qVCxs:1oenqPmqcOAsmZpP4sXPK82ei_3RzzIQSdPBg2lz-EA	2023-08-27 15:25:12.509217+00
u57n62xbg1xw1rsko4y3jy5de7wv9cuy	.eJxVjEsOAiEQBe_C2hDkJ7h07xlIN93IqIFkmFkZ766TzEK3r6reSyRYl5rWwXOaSJyFF4ffDSE_uG2A7tBuXebelnlCuSlyp0NeO_Hzsrt_BxVG_daoAB0hcXYa2fHJaoeuaF-QrQm2kPFRKUVHTyqWEDnHGI3Slk0IwOL9AQq0OEI:1qVD1R:kQ9ym0CvHhndoWjugqKc8wtD3w7JA8fMR26m48nflO0	2023-08-27 15:28:53.075484+00
04c4ubr1r3kffhxt2rsa5l9jls6cg4xk	.eJxVjEsOAiEQBe_C2hDkJ7h07xlIN93IqIFkmFkZ766TzEK3r6reSyRYl5rWwXOaSJyFF4ffDSE_uG2A7tBuXebelnlCuSlyp0NeO_Hzsrt_BxVG_daoAB0hcXYa2fHJaoeuaF-QrQm2kPFRKUVHTyqWEDnHGI3Slk0IwOL9AQq0OEI:1qVD7F:zrrBXKDra8UFG86NjrkD57vGCJ3spLBb1eWCF8cdhWQ	2023-08-27 15:34:53.270807+00
vqhfzenyt397qcj0x0wqv8qoh1toot0i	.eJxVjEEOwiAQRe_C2hAopXRcuu8ZCDAzUjWQlHZlvLsh6UK3_73338KHY8_-aLT5FcVVgLj8bjGkJ5UO8BHKvcpUy76tUXZFnrTJpSK9bqf7d5BDy70OoxssEGu0PKuRp2immDgmYxwDKqVgNoCD46gZSbvgCAHYWTYIJD5f_uI4vQ:1qVGxq:h_YDp46Mj5qwADBEJ_aC2UUDdN_Hzq1iYIjVDAjtbXY	2023-08-27 19:41:26.025679+00
klx61n9fubxt7rs0ybi6q3mb6qsxol32	.eJxVjEsOAiEQBe_C2hDkJ7h07xlIN93IqIFkmFkZ766TzEK3r6reSyRYl5rWwXOaSJyFF4ffDSE_uG2A7tBuXebelnlCuSlyp0NeO_Hzsrt_BxVG_daoAB0hcXYa2fHJaoeuaF-QrQm2kPFRKUVHTyqWEDnHGI3Slk0IwOL9AQq0OEI:1qVH58:hYeziUPiO1crZbvZB1FGwNWVO1gfFiQy9nZu5EdREYk	2023-08-27 19:48:58.188615+00
wc2o7wmj8uy6k5olvld3us9serdsagga	.eJxVjEsOAiEQBe_C2hDkJ7h07xlIN93IqIFkmFkZ766TzEK3r6reSyRYl5rWwXOaSJyFF4ffDSE_uG2A7tBuXebelnlCuSlyp0NeO_Hzsrt_BxVG_daoAB0hcXYa2fHJaoeuaF-QrQm2kPFRKUVHTyqWEDnHGI3Slk0IwOL9AQq0OEI:1qVHHY:oOcbrD5KIjnPGzjNfU8XXf8cbhMhX_-dLlfuXhEx0cc	2023-08-27 20:01:48.236945+00
3fqo2j4nfz8t0yg16yfsh0hid7t97bu0	.eJxVjEsOAiEQBe_C2hDkJ7h07xlIN93IqIFkmFkZ766TzEK3r6reSyRYl5rWwXOaSJyFF4ffDSE_uG2A7tBuXebelnlCuSlyp0NeO_Hzsrt_BxVG_daoAB0hcXYa2fHJaoeuaF-QrQm2kPFRKUVHTyqWEDnHGI3Slk0IwOL9AQq0OEI:1qVHV2:gT929zmCnbRx6oqRsVFXXwo3F6MPSAq9tJn0f6H2MSw	2023-08-27 20:15:44.350092+00
s3d8szkd9vniax4cv6qvlja9h97p4dr3	.eJxVjEsOAiEQBe_C2hDkJ7h07xlIN93IqIFkmFkZ766TzEK3r6reSyRYl5rWwXOaSJyFF4ffDSE_uG2A7tBuXebelnlCuSlyp0NeO_Hzsrt_BxVG_daoAB0hcXYa2fHJaoeuaF-QrQm2kPFRKUVHTyqWEDnHGI3Slk0IwOL9AQq0OEI:1qVHWE:NrZdu8CkP4SZk4AhyzhFdiLVexc39tJAgk4c9MolYkA	2023-08-27 20:16:58.646225+00
vaqpkp7vsxculhn07wq1oqf6vl6sdv0a	.eJxVjEsOAiEQBe_C2hDkJ7h07xlIN93IqIFkmFkZ766TzEK3r6reSyRYl5rWwXOaSJyFF4ffDSE_uG2A7tBuXebelnlCuSlyp0NeO_Hzsrt_BxVG_daoAB0hcXYa2fHJaoeuaF-QrQm2kPFRKUVHTyqWEDnHGI3Slk0IwOL9AQq0OEI:1qVHWr:V1oxxq9wAbxgoWW3PGN7J3iBLs6fNSK_59QBzjPLy6E	2023-08-27 20:17:37.975407+00
hexgwo77h3nj07dcmlc81nhl8yfktz38	.eJxVjEEOwiAQRe_C2hAopXRcuu8ZCDAzUjWQlHZlvLsh6UK3_73338KHY8_-aLT5FcVVgLj8bjGkJ5UO8BHKvcpUy76tUXZFnrTJpSK9bqf7d5BDy70OoxssEGu0PKuRp2immDgmYxwDKqVgNoCD46gZSbvgCAHYWTYIJD5f_uI4vQ:1qVI4S:6rvouEWUj-9_qRBVSbWuniIfeFBPdlcpqOwuWv2xwJM	2023-08-27 20:52:20.615207+00
pw4qpj9i610wrrqubk2ur7k5qneto51u	.eJxVjEEOwiAQRe_C2hCYAmFcuvcMhIFBqgaS0q6Md9cmXej2v_f-S4S4rTVsg5cwZ3EWkzj9bhTTg9sO8j22W5ept3WZSe6KPOiQ1575eTncv4MaR_3WVhNkq9CBdU4TsiLUhpJJBiKD9-C8N5OyNBFCxqwKFobiEVNiE8X7A78GN4I:1qZJ5r:gwyJYYiQUJ5HHnLV-PQc8_6Rcqd7vIHBY6rwqq143tU	2023-09-07 22:46:23.962228+00
8vl0vt1x89cvq91cyv9a7c12fa5z9p1e	.eJxVjEEOwiAQRe_C2hCYAmFcuvcMhIFBqgaS0q6Md9cmXej2v_f-S4S4rTVsg5cwZ3EWkzj9bhTTg9sO8j22W5ept3WZSe6KPOiQ1575eTncv4MaR_3WVhNkq9CBdU4TsiLUhpJJBiKD9-C8N5OyNBFCxqwKFobiEVNiE8X7A78GN4I:1qZJ5w:89e9hbfGvaR1HHqB-WFMGMCEy0ANdxliro69henwnaw	2023-09-07 22:46:28.753571+00
x6f8kwl106cwtefxyqtxwxzyewqw9xbe	.eJxVjDsOwyAQBe9CHSHzM5Ayvc-AFtgNTiKQjF1FuXtsyUXSvpl5bxZgW0vYOi5hzuzKDLv8bhHSE-sB8gPqvfHU6rrMkR8KP2nnU8v4up3u30GBXvaanEFvRqvRAI0wSJcUaoog7eCNsig0CXQkvU8Qo9W7SUDCJOWjzYJ9vux1OE4:1qZJ6D:4aNAa7lE7u5xnaxaox8GM4atZI88CX2uW1uBlkUgleo	2023-09-07 22:46:45.895665+00
4y22o5odbpf9pmzbijlp0ln696rbb0iu	.eJxVjDsOwyAQBe9CHSHzM5Ayvc-AFtgNTiKQjF1FuXtsyUXSvpl5bxZgW0vYOi5hzuzKDLv8bhHSE-sB8gPqvfHU6rrMkR8KP2nnU8v4up3u30GBXvaanEFvRqvRAI0wSJcUaoog7eCNsig0CXQkvU8Qo9W7SUDCJOWjzYJ9vux1OE4:1qZJ6v:Vhd0LYVpQ0hufZ6kqrUMOiwvG0wDHwn_ccMiGqGLe28	2023-09-07 22:47:29.083101+00
x62bf6ytfgj2p4rus34986ze89a3ma3n	.eJxVjEEOwiAQRe_C2hCYAmFcuvcMhIFBqgaS0q6Md9cmXej2v_f-S4S4rTVsg5cwZ3EWkzj9bhTTg9sO8j22W5ept3WZSe6KPOiQ1575eTncv4MaR_3WVhNkq9CBdU4TsiLUhpJJBiKD9-C8N5OyNBFCxqwKFobiEVNiE8X7A78GN4I:1qZJ7i:2IFrXpiUpsxtKErwUl0nE1IP5gkdzYLJVG9V2zW9Eo0	2023-09-07 22:48:18.386167+00
2g8p21x7h2ii1l9oafkik8jlqnl4f1oo	.eJxVjEEOwiAQRe_C2hCYAmFcuvcMhIFBqgaS0q6Md9cmXej2v_f-S4S4rTVsg5cwZ3EWkzj9bhTTg9sO8j22W5ept3WZSe6KPOiQ1575eTncv4MaR_3WVhNkq9CBdU4TsiLUhpJJBiKD9-C8N5OyNBFCxqwKFobiEVNiE8X7A78GN4I:1qZJAQ:sxgmygZLTfIFRtduPJ1BgRl65t7abIZBMnDVsZgmxtQ	2023-09-07 22:51:06.941872+00
pbpnyygajoq708mz7w07oosnqr3xb5fa	.eJxVjEEOwiAQRe_C2hCYAmFcuvcMhIFBqgaS0q6Md9cmXej2v_f-S4S4rTVsg5cwZ3EWkzj9bhTTg9sO8j22W5ept3WZSe6KPOiQ1575eTncv4MaR_3WVhNkq9CBdU4TsiLUhpJJBiKD9-C8N5OyNBFCxqwKFobiEVNiE8X7A78GN4I:1qZJDk:mX8Kg6S3HoD__exRUKv3Ee8Ig-B1gU2IpXO5Z6pTbfU	2023-09-07 22:54:32.59706+00
962kvp6s9dn7cd6ei6i8l32efu7u8mdp	.eJxVjEEOwiAQRe_C2hCYAmFcuvcMhIFBqgaS0q6Md9cmXej2v_f-S4S4rTVsg5cwZ3EWkzj9bhTTg9sO8j22W5ept3WZSe6KPOiQ1575eTncv4MaR_3WVhNkq9CBdU4TsiLUhpJJBiKD9-C8N5OyNBFCxqwKFobiEVNiE8X7A78GN4I:1qZJEl:Upj0zIPove5t_DGJ9s8nlpiCbJBZZg49V01xDxhqbFA	2023-09-07 22:55:35.68806+00
xdqmclyyksxwtt3lwhf5otj12p6os959	.eJxVjEEOwiAQRe_C2hCYAmFcuvcMhIFBqgaS0q6Md9cmXej2v_f-S4S4rTVsg5cwZ3EWkzj9bhTTg9sO8j22W5ept3WZSe6KPOiQ1575eTncv4MaR_3WVhNkq9CBdU4TsiLUhpJJBiKD9-C8N5OyNBFCxqwKFobiEVNiE8X7A78GN4I:1qZJGH:c5LYBammxZ_5FGGdw61Sl7QEfrrVdgTAfVgKRLnw0o4	2023-09-07 22:57:09.092366+00
ye4n6ehysnxg3xfdcvi2tae2wbo34k80	.eJxVjEEOwiAQRe_C2hCYAmFcuvcMhIFBqgaS0q6Md9cmXej2v_f-S4S4rTVsg5cwZ3EWkzj9bhTTg9sO8j22W5ept3WZSe6KPOiQ1575eTncv4MaR_3WVhNkq9CBdU4TsiLUhpJJBiKD9-C8N5OyNBFCxqwKFobiEVNiE8X7A78GN4I:1qZJHF:NcAbSityyRq2868bb9SVIiDFKLuaDuRk_5QYAJ9Cu6w	2023-09-07 22:58:09.410364+00
9pkkk5d09u38v7ge1h21ui0ft1o6y7xd	.eJxVjEEOwiAQRe_C2hCYAmFcuvcMhIFBqgaS0q6Md9cmXej2v_f-S4S4rTVsg5cwZ3EWkzj9bhTTg9sO8j22W5ept3WZSe6KPOiQ1575eTncv4MaR_3WVhNkq9CBdU4TsiLUhpJJBiKD9-C8N5OyNBFCxqwKFobiEVNiE8X7A78GN4I:1qZJHV:rFz5Qus3k40EYwypZaWOidNmyFbP0WWfs9n0WMuO8MM	2023-09-07 22:58:25.874908+00
zkfa3z8hp38l5uli2tizxih779mgpv12	.eJxVjEEOwiAQRe_C2hCYAmFcuvcMhIFBqgaS0q6Md9cmXej2v_f-S4S4rTVsg5cwZ3EWkzj9bhTTg9sO8j22W5ept3WZSe6KPOiQ1575eTncv4MaR_3WVhNkq9CBdU4TsiLUhpJJBiKD9-C8N5OyNBFCxqwKFobiEVNiE8X7A78GN4I:1qZJKB:-G1UHZeaGyFr4eeGyzd8vS5F9EufDWgZobo2SGOXMrk	2023-09-07 23:01:11.00332+00
plvws1r780q339slbe4i1lnns8iv0c4f	.eJxVjEEOwiAQRe_C2hCYAmFcuvcMhIFBqgaS0q6Md9cmXej2v_f-S4S4rTVsg5cwZ3EWkzj9bhTTg9sO8j22W5ept3WZSe6KPOiQ1575eTncv4MaR_3WVhNkq9CBdU4TsiLUhpJJBiKD9-C8N5OyNBFCxqwKFobiEVNiE8X7A78GN4I:1qZJKT:kFLKuZ-8xloNaenxCDXWXyLipnRen0hvJyr_7hAydjU	2023-09-07 23:01:29.441518+00
6dheniz0wuj4w0pcnznot5vfp3x1mq62	.eJxVjEEOwiAQRe_C2hCYAmFcuvcMhIFBqgaS0q6Md9cmXej2v_f-S4S4rTVsg5cwZ3EWkzj9bhTTg9sO8j22W5ept3WZSe6KPOiQ1575eTncv4MaR_3WVhNkq9CBdU4TsiLUhpJJBiKD9-C8N5OyNBFCxqwKFobiEVNiE8X7A78GN4I:1qZJM3:Z3R-6hngl155QykFKnjhbsUxYDgZJUGE0kT5rQnM-Ik	2023-09-07 23:03:07.154189+00
wfp03euiiwhodezizbxnfjtdcbs8eqwe	.eJxVjEEOwiAQRe_C2hCYAmFcuvcMhIFBqgaS0q6Md9cmXej2v_f-S4S4rTVsg5cwZ3EWkzj9bhTTg9sO8j22W5ept3WZSe6KPOiQ1575eTncv4MaR_3WVhNkq9CBdU4TsiLUhpJJBiKD9-C8N5OyNBFCxqwKFobiEVNiE8X7A78GN4I:1qZJMH:6dPVvJGB93vcbd_bQbCTvs2bWdp4zWrEZIDFfjdyayw	2023-09-07 23:03:21.706968+00
n2lso50sxxc0cd9sw4cdd8cyxsipj3zg	.eJxVjEEOwiAQRe_C2hCYAmFcuvcMhIFBqgaS0q6Md9cmXej2v_f-S4S4rTVsg5cwZ3EWkzj9bhTTg9sO8j22W5ept3WZSe6KPOiQ1575eTncv4MaR_3WVhNkq9CBdU4TsiLUhpJJBiKD9-C8N5OyNBFCxqwKFobiEVNiE8X7A78GN4I:1qZJQ5:GfaEtpMECtZjUYc99Fcj22as78ccMTmnsoZoXYN_s4o	2023-09-07 23:07:17.352903+00
kppdrv1gf73ss5g2nq4wlqqt2jb13c47	.eJxVjEEOwiAQRe_C2hCYAmFcuvcMhIFBqgaS0q6Md9cmXej2v_f-S4S4rTVsg5cwZ3EWkzj9bhTTg9sO8j22W5ept3WZSe6KPOiQ1575eTncv4MaR_3WVhNkq9CBdU4TsiLUhpJJBiKD9-C8N5OyNBFCxqwKFobiEVNiE8X7A78GN4I:1qZJUI:qnu9hJpn9xsEweFWybUyDGoh5yz8twiMmFgfnmdV6AA	2023-09-07 23:11:38.193212+00
\.


--
-- Data for Name: django_site; Type: TABLE DATA; Schema: public; Owner: leo_admin
--

COPY public.django_site (id, domain, name) FROM stdin;
1	example.com	example.com
\.


--
-- Data for Name: oauth2_provider_accesstoken; Type: TABLE DATA; Schema: public; Owner: leo_admin
--

COPY public.oauth2_provider_accesstoken (id, token, expires, scope, application_id, user_id, created, updated, source_refresh_token_id, id_token_id) FROM stdin;
1		2023-08-09 03:01:40.810116+00		1	9	2023-08-08 03:01:40.810625+00	2023-08-08 03:01:40.810629+00	\N	\N
5	a269a15e-3e1f-4708-979b-d136abe1d8e4	2023-08-10 18:36:53.406535+00		1	9	2023-08-09 18:36:53.406861+00	2023-08-09 18:36:53.406864+00	\N	\N
6	427ae563-2de9-4ca3-9f60-62784c968320	2023-08-11 00:46:47.094603+00		1	9	2023-08-10 00:46:47.09499+00	2023-08-10 00:46:47.094994+00	\N	\N
7	6dda2cbc-40c5-47cd-8df7-e60632b5d3f5	2023-08-11 22:13:01.251345+00		1	9	2023-08-10 22:13:01.251655+00	2023-08-10 22:13:01.251659+00	\N	\N
8	48b69636-ca69-45f7-a1e0-cab0e5dd37f4	2023-08-14 01:04:12.256643+00		1	9	2023-08-13 01:04:12.256878+00	2023-08-13 01:04:12.256883+00	\N	\N
9	7b55866c-5976-4a20-bd29-b6e91ee6a194	2023-08-14 01:10:21.823052+00		1	9	2023-08-13 01:10:21.823319+00	2023-08-13 01:10:21.823323+00	\N	\N
10	17db7e75-6ca0-4a8a-b0b7-c5ffa8ef75aa	2023-08-14 01:15:41.582935+00		1	9	2023-08-13 01:15:41.583236+00	2023-08-13 01:15:41.58324+00	\N	\N
11	9552b850-2fff-4da2-8777-7ea3211a534c	2023-08-14 01:21:21.308933+00		1	9	2023-08-13 01:21:21.309144+00	2023-08-13 01:21:21.309147+00	\N	\N
12	a560109a-078b-4a82-a60e-84c3bb17ca51	2023-08-14 01:33:22.67325+00		1	9	2023-08-13 01:33:22.673542+00	2023-08-13 01:33:22.673547+00	\N	\N
13	909122c5-458e-4173-87f4-d040eec91470	2023-08-14 01:54:11.199296+00		1	9	2023-08-13 01:54:11.199868+00	2023-08-13 01:54:11.199873+00	\N	\N
14	427f754d-bda0-45ab-abae-477057b3cef0	2023-08-14 01:56:46.215451+00		1	9	2023-08-13 01:56:46.21601+00	2023-08-13 01:56:46.216014+00	\N	\N
15	eacebf35-c991-426b-9820-5310234e7611	2023-08-14 01:57:12.062933+00		1	9	2023-08-13 01:57:12.063399+00	2023-08-13 01:57:12.063403+00	\N	\N
16	77ca85a9-3677-4b02-9143-fe3d99f6ac84	2023-08-14 02:05:44.081941+00		1	9	2023-08-13 02:05:44.082359+00	2023-08-13 02:05:44.082365+00	\N	\N
17	23b3fb3f-de98-407b-8eec-fa4ad90e616e	2023-08-14 02:09:05.109312+00		1	9	2023-08-13 02:09:05.109748+00	2023-08-13 02:09:05.109754+00	\N	\N
18	2f035c16-ca81-484b-8540-da57beaefd27	2023-08-14 02:39:28.073519+00		1	9	2023-08-13 02:39:28.073953+00	2023-08-13 02:39:28.073957+00	\N	\N
19	cfd7eb61-d5e0-4abd-b9ae-d58550d622b3	2023-08-14 02:47:46.376394+00		1	9	2023-08-13 02:47:46.376778+00	2023-08-13 02:47:46.376781+00	\N	\N
20	6fbd85cb-41c8-4465-93c9-b4d8f0225ba2	2023-08-14 02:49:40.94647+00		1	9	2023-08-13 02:49:40.946838+00	2023-08-13 02:49:40.946842+00	\N	\N
\.


--
-- Data for Name: oauth2_provider_application; Type: TABLE DATA; Schema: public; Owner: leo_admin
--

COPY public.oauth2_provider_application (id, client_id, redirect_uris, client_type, authorization_grant_type, client_secret, name, user_id, skip_authorization, created, updated, algorithm, post_logout_redirect_uris) FROM stdin;
1	l5cAOrriN5gIvTiLjOENupQsp6ppISdp1iYyU8iu		confidential	password	pbkdf2_sha256$600000$rh3wLOMNadCl4V3NzhnhdB$RrmJ5wpTHR5vtHS1x7CmJ61FvwBf83uzuAsYElKpWpg=	OAuth-test1	7	f	2023-08-07 21:33:31.22452+00	2023-08-08 02:46:01.441799+00		
\.


--
-- Data for Name: oauth2_provider_grant; Type: TABLE DATA; Schema: public; Owner: leo_admin
--

COPY public.oauth2_provider_grant (id, code, expires, redirect_uri, scope, application_id, user_id, created, updated, code_challenge, code_challenge_method, nonce, claims) FROM stdin;
\.


--
-- Data for Name: oauth2_provider_idtoken; Type: TABLE DATA; Schema: public; Owner: leo_admin
--

COPY public.oauth2_provider_idtoken (id, jti, expires, scope, created, updated, application_id, user_id) FROM stdin;
\.


--
-- Data for Name: oauth2_provider_refreshtoken; Type: TABLE DATA; Schema: public; Owner: leo_admin
--

COPY public.oauth2_provider_refreshtoken (id, token, access_token_id, application_id, user_id, created, updated, revoked) FROM stdin;
1	41bee01b-67c1-4d2a-a491-c2a4e5bbf2ea	6	1	9	2023-08-10 00:46:47.12709+00	2023-08-10 00:46:47.127098+00	\N
2	ac0331f1-74f4-49dd-9fb7-451fecdf5c1f	7	1	9	2023-08-10 22:13:01.279465+00	2023-08-10 22:13:01.279473+00	\N
3	1bfcd6a5-eabd-4be9-833c-fda0267ccf7a	8	1	9	2023-08-13 01:04:12.282001+00	2023-08-13 01:04:12.282008+00	\N
4	03b913b4-af4f-414d-b82d-a34eb6080d28	9	1	9	2023-08-13 01:10:21.847053+00	2023-08-13 01:10:21.847059+00	\N
5	e95c95bd-5374-4167-990b-b3128b69405b	10	1	9	2023-08-13 01:15:41.611788+00	2023-08-13 01:15:41.611796+00	\N
6	75e9cb80-c8e4-4740-81be-ae021b68acaf	11	1	9	2023-08-13 01:21:21.325435+00	2023-08-13 01:21:21.325444+00	\N
7	2064d611-94e4-4c6c-9ffd-3af67cf82824	12	1	9	2023-08-13 01:33:22.687579+00	2023-08-13 01:33:22.687584+00	\N
8	02efd5cf-c6dc-424f-a14a-bd8212fb10a6	13	1	9	2023-08-13 01:54:11.216375+00	2023-08-13 01:54:11.21638+00	\N
9	e1795aa8-50a9-4b7e-8289-37018dc809c6	14	1	9	2023-08-13 01:56:46.235278+00	2023-08-13 01:56:46.235288+00	\N
10	274a9496-f099-465d-bea4-4bae72eeaee8	15	1	9	2023-08-13 01:57:12.077705+00	2023-08-13 01:57:12.077709+00	\N
11	ce3ab67e-0e35-42a4-8577-fd2a2bbb407a	16	1	9	2023-08-13 02:05:44.098137+00	2023-08-13 02:05:44.098142+00	\N
12	d1c1ba9c-9309-45a2-bbf9-2e3c86be273f	17	1	9	2023-08-13 02:09:05.124232+00	2023-08-13 02:09:05.124238+00	\N
13	d8fd0061-fa80-4cbc-9778-6f6f4e311cc3	18	1	9	2023-08-13 02:39:28.090152+00	2023-08-13 02:39:28.090157+00	\N
14	06da8d63-666e-4500-a8d8-c799da5b4795	19	1	9	2023-08-13 02:47:46.391882+00	2023-08-13 02:47:46.391887+00	\N
15	6610328e-247c-4eb3-a7c9-e9b7b9b40a1f	20	1	9	2023-08-13 02:49:40.962137+00	2023-08-13 02:49:40.962145+00	\N
\.


--
-- Data for Name: order_complete_prescription; Type: TABLE DATA; Schema: public; Owner: leo_admin
--

COPY public.order_complete_prescription (id, "completeSet_id", prescription_id) FROM stdin;
\.


--
-- Data for Name: order_has_address; Type: TABLE DATA; Schema: public; Owner: leo_admin
--

COPY public.order_has_address (id, address_id, order_id) FROM stdin;
\.


--
-- Data for Name: order_line_accessory; Type: TABLE DATA; Schema: public; Owner: leo_admin
--

COPY public.order_line_accessory (id, quantity, "accessoryID_id", "orderID_id") FROM stdin;
\.


--
-- Data for Name: order_line_item; Type: TABLE DATA; Schema: public; Owner: leo_admin
--

COPY public.order_line_item (id, quantity, order_id, product_id) FROM stdin;
\.


--
-- Data for Name: social_auth_association; Type: TABLE DATA; Schema: public; Owner: leo_admin
--

COPY public.social_auth_association (id, server_url, handle, secret, issued, lifetime, assoc_type) FROM stdin;
\.


--
-- Data for Name: social_auth_code; Type: TABLE DATA; Schema: public; Owner: leo_admin
--

COPY public.social_auth_code (id, email, code, verified, "timestamp") FROM stdin;
\.


--
-- Data for Name: social_auth_nonce; Type: TABLE DATA; Schema: public; Owner: leo_admin
--

COPY public.social_auth_nonce (id, server_url, "timestamp", salt) FROM stdin;
\.


--
-- Data for Name: social_auth_partial; Type: TABLE DATA; Schema: public; Owner: leo_admin
--

COPY public.social_auth_partial (id, token, next_step, backend, data, "timestamp") FROM stdin;
\.


--
-- Data for Name: social_auth_usersocialauth; Type: TABLE DATA; Schema: public; Owner: leo_admin
--

COPY public.social_auth_usersocialauth (id, provider, uid, extra_data, user_id, created, modified) FROM stdin;
\.


--
-- Name: AccessoryImage_id_seq; Type: SEQUENCE SET; Schema: public; Owner: leo_admin
--

SELECT pg_catalog.setval('public."AccessoryImage_id_seq"', 1, false);


--
-- Name: AccessoryInfo_id_seq; Type: SEQUENCE SET; Schema: public; Owner: leo_admin
--

SELECT pg_catalog.setval('public."AccessoryInfo_id_seq"', 1, false);


--
-- Name: Address_id_seq; Type: SEQUENCE SET; Schema: public; Owner: leo_admin
--

SELECT pg_catalog.setval('public."Address_id_seq"', 1, true);


--
-- Name: Coupon_applied_product_id_seq; Type: SEQUENCE SET; Schema: public; Owner: leo_admin
--

SELECT pg_catalog.setval('public."Coupon_applied_product_id_seq"', 1, false);


--
-- Name: Coupon_id_seq; Type: SEQUENCE SET; Schema: public; Owner: leo_admin
--

SELECT pg_catalog.setval('public."Coupon_id_seq"', 1, false);


--
-- Name: Coupon_valid_customer_id_seq; Type: SEQUENCE SET; Schema: public; Owner: leo_admin
--

SELECT pg_catalog.setval('public."Coupon_valid_customer_id_seq"', 1, false);


--
-- Name: CustomerInfo_groups_id_seq; Type: SEQUENCE SET; Schema: public; Owner: leo_admin
--

SELECT pg_catalog.setval('public."CustomerInfo_groups_id_seq"', 1, false);


--
-- Name: CustomerInfo_id_seq; Type: SEQUENCE SET; Schema: public; Owner: leo_admin
--

SELECT pg_catalog.setval('public."CustomerInfo_id_seq"', 9, true);


--
-- Name: CustomerInfo_user_permissions_id_seq; Type: SEQUENCE SET; Schema: public; Owner: leo_admin
--

SELECT pg_catalog.setval('public."CustomerInfo_user_permissions_id_seq"', 1, false);


--
-- Name: CustomerSavedPayment_id_seq; Type: SEQUENCE SET; Schema: public; Owner: leo_admin
--

SELECT pg_catalog.setval('public."CustomerSavedPayment_id_seq"', 1, false);


--
-- Name: LensCoating_id_seq; Type: SEQUENCE SET; Schema: public; Owner: leo_admin
--

SELECT pg_catalog.setval('public."LensCoating_id_seq"', 6, true);


--
-- Name: LensColor_id_seq; Type: SEQUENCE SET; Schema: public; Owner: leo_admin
--

SELECT pg_catalog.setval('public."LensColor_id_seq"', 5, true);


--
-- Name: LensDensity_id_seq; Type: SEQUENCE SET; Schema: public; Owner: leo_admin
--

SELECT pg_catalog.setval('public."LensDensity_id_seq"', 8, true);


--
-- Name: LensIndex_id_seq; Type: SEQUENCE SET; Schema: public; Owner: leo_admin
--

SELECT pg_catalog.setval('public."LensIndex_id_seq"', 4, true);


--
-- Name: LensUsage_id_seq; Type: SEQUENCE SET; Schema: public; Owner: leo_admin
--

SELECT pg_catalog.setval('public."LensUsage_id_seq"', 5, true);


--
-- Name: OrderImage_id_seq; Type: SEQUENCE SET; Schema: public; Owner: leo_admin
--

SELECT pg_catalog.setval('public."OrderImage_id_seq"', 1, false);


--
-- Name: OrderInfo_id_seq; Type: SEQUENCE SET; Schema: public; Owner: leo_admin
--

SELECT pg_catalog.setval('public."OrderInfo_id_seq"', 3, true);


--
-- Name: OrderTax_id_seq; Type: SEQUENCE SET; Schema: public; Owner: leo_admin
--

SELECT pg_catalog.setval('public."OrderTax_id_seq"', 1, false);


--
-- Name: OrderUpdates_id_seq; Type: SEQUENCE SET; Schema: public; Owner: leo_admin
--

SELECT pg_catalog.setval('public."OrderUpdates_id_seq"', 1, false);


--
-- Name: Order_completeset_id_seq; Type: SEQUENCE SET; Schema: public; Owner: leo_admin
--

SELECT pg_catalog.setval('public."Order_completeset_id_seq"', 29, true);


--
-- Name: Payment_id_seq; Type: SEQUENCE SET; Schema: public; Owner: leo_admin
--

SELECT pg_catalog.setval('public."Payment_id_seq"', 1, false);


--
-- Name: Prescription_prescriptioninfo_id_seq; Type: SEQUENCE SET; Schema: public; Owner: leo_admin
--

SELECT pg_catalog.setval('public."Prescription_prescriptioninfo_id_seq"', 1, false);


--
-- Name: Prescription_prescriptionprism_id_seq; Type: SEQUENCE SET; Schema: public; Owner: leo_admin
--

SELECT pg_catalog.setval('public."Prescription_prescriptionprism_id_seq"', 1, false);


--
-- Name: ProductInfo_id_seq; Type: SEQUENCE SET; Schema: public; Owner: leo_admin
--

SELECT pg_catalog.setval('public."ProductInfo_id_seq"', 7, true);


--
-- Name: ProductInstance_id_seq; Type: SEQUENCE SET; Schema: public; Owner: leo_admin
--

SELECT pg_catalog.setval('public."ProductInstance_id_seq"', 11, true);


--
-- Name: ProductPromotion_id_seq; Type: SEQUENCE SET; Schema: public; Owner: leo_admin
--

SELECT pg_catalog.setval('public."ProductPromotion_id_seq"', 1, false);


--
-- Name: ProductPromotion_productInstance_id_seq; Type: SEQUENCE SET; Schema: public; Owner: leo_admin
--

SELECT pg_catalog.setval('public."ProductPromotion_productInstance_id_seq"', 1, false);


--
-- Name: ProductReview_id_seq; Type: SEQUENCE SET; Schema: public; Owner: leo_admin
--

SELECT pg_catalog.setval('public."ProductReview_id_seq"', 6, true);


--
-- Name: ProductTag_id_seq; Type: SEQUENCE SET; Schema: public; Owner: leo_admin
--

SELECT pg_catalog.setval('public."ProductTag_id_seq"', 4, true);


--
-- Name: ProductTag_product_id_seq; Type: SEQUENCE SET; Schema: public; Owner: leo_admin
--

SELECT pg_catalog.setval('public."ProductTag_product_id_seq"', 1, false);


--
-- Name: ShoppingList_id_seq; Type: SEQUENCE SET; Schema: public; Owner: leo_admin
--

SELECT pg_catalog.setval('public."ShoppingList_id_seq"', 2, true);


--
-- Name: ShoppingList_product_id_seq; Type: SEQUENCE SET; Schema: public; Owner: leo_admin
--

SELECT pg_catalog.setval('public."ShoppingList_product_id_seq"', 22, true);


--
-- Name: SupplierInfo_id_seq; Type: SEQUENCE SET; Schema: public; Owner: leo_admin
--

SELECT pg_catalog.setval('public."SupplierInfo_id_seq"', 19, true);


--
-- Name: auth_group_id_seq; Type: SEQUENCE SET; Schema: public; Owner: leo_admin
--

SELECT pg_catalog.setval('public.auth_group_id_seq', 1, false);


--
-- Name: auth_group_permissions_id_seq; Type: SEQUENCE SET; Schema: public; Owner: leo_admin
--

SELECT pg_catalog.setval('public.auth_group_permissions_id_seq', 1, false);


--
-- Name: auth_permission_id_seq; Type: SEQUENCE SET; Schema: public; Owner: leo_admin
--

SELECT pg_catalog.setval('public.auth_permission_id_seq', 216, true);


--
-- Name: customer_saved_address_id_seq; Type: SEQUENCE SET; Schema: public; Owner: leo_admin
--

SELECT pg_catalog.setval('public.customer_saved_address_id_seq', 1, false);


--
-- Name: django_admin_log_id_seq; Type: SEQUENCE SET; Schema: public; Owner: leo_admin
--

SELECT pg_catalog.setval('public.django_admin_log_id_seq', 54, true);


--
-- Name: django_content_type_id_seq; Type: SEQUENCE SET; Schema: public; Owner: leo_admin
--

SELECT pg_catalog.setval('public.django_content_type_id_seq', 53, true);


--
-- Name: django_migrations_id_seq; Type: SEQUENCE SET; Schema: public; Owner: leo_admin
--

SELECT pg_catalog.setval('public.django_migrations_id_seq', 87, true);


--
-- Name: django_site_id_seq; Type: SEQUENCE SET; Schema: public; Owner: leo_admin
--

SELECT pg_catalog.setval('public.django_site_id_seq', 1, true);


--
-- Name: oauth2_provider_accesstoken_id_seq; Type: SEQUENCE SET; Schema: public; Owner: leo_admin
--

SELECT pg_catalog.setval('public.oauth2_provider_accesstoken_id_seq', 20, true);


--
-- Name: oauth2_provider_application_id_seq; Type: SEQUENCE SET; Schema: public; Owner: leo_admin
--

SELECT pg_catalog.setval('public.oauth2_provider_application_id_seq', 2, true);


--
-- Name: oauth2_provider_grant_id_seq; Type: SEQUENCE SET; Schema: public; Owner: leo_admin
--

SELECT pg_catalog.setval('public.oauth2_provider_grant_id_seq', 1, false);


--
-- Name: oauth2_provider_idtoken_id_seq; Type: SEQUENCE SET; Schema: public; Owner: leo_admin
--

SELECT pg_catalog.setval('public.oauth2_provider_idtoken_id_seq', 1, false);


--
-- Name: oauth2_provider_refreshtoken_id_seq; Type: SEQUENCE SET; Schema: public; Owner: leo_admin
--

SELECT pg_catalog.setval('public.oauth2_provider_refreshtoken_id_seq', 15, true);


--
-- Name: order_complete_prescription_id_seq; Type: SEQUENCE SET; Schema: public; Owner: leo_admin
--

SELECT pg_catalog.setval('public.order_complete_prescription_id_seq', 1, false);


--
-- Name: order_has_address_id_seq; Type: SEQUENCE SET; Schema: public; Owner: leo_admin
--

SELECT pg_catalog.setval('public.order_has_address_id_seq', 1, false);


--
-- Name: order_line_accessory_id_seq; Type: SEQUENCE SET; Schema: public; Owner: leo_admin
--

SELECT pg_catalog.setval('public.order_line_accessory_id_seq', 1, false);


--
-- Name: order_line_item_id_seq; Type: SEQUENCE SET; Schema: public; Owner: leo_admin
--

SELECT pg_catalog.setval('public.order_line_item_id_seq', 1, false);


--
-- Name: social_auth_association_id_seq; Type: SEQUENCE SET; Schema: public; Owner: leo_admin
--

SELECT pg_catalog.setval('public.social_auth_association_id_seq', 1, false);


--
-- Name: social_auth_code_id_seq; Type: SEQUENCE SET; Schema: public; Owner: leo_admin
--

SELECT pg_catalog.setval('public.social_auth_code_id_seq', 1, false);


--
-- Name: social_auth_nonce_id_seq; Type: SEQUENCE SET; Schema: public; Owner: leo_admin
--

SELECT pg_catalog.setval('public.social_auth_nonce_id_seq', 1, false);


--
-- Name: social_auth_partial_id_seq; Type: SEQUENCE SET; Schema: public; Owner: leo_admin
--

SELECT pg_catalog.setval('public.social_auth_partial_id_seq', 1, false);


--
-- Name: social_auth_usersocialauth_id_seq; Type: SEQUENCE SET; Schema: public; Owner: leo_admin
--

SELECT pg_catalog.setval('public.social_auth_usersocialauth_id_seq', 1, false);


--
-- Name: AccessoryImage AccessoryImage_pkey; Type: CONSTRAINT; Schema: public; Owner: leo_admin
--

ALTER TABLE ONLY public."AccessoryImage"
    ADD CONSTRAINT "AccessoryImage_pkey" PRIMARY KEY (id);


--
-- Name: AccessoryInfo AccessoryInfo_pkey; Type: CONSTRAINT; Schema: public; Owner: leo_admin
--

ALTER TABLE ONLY public."AccessoryInfo"
    ADD CONSTRAINT "AccessoryInfo_pkey" PRIMARY KEY (id);


--
-- Name: AccessoryInfo AccessoryInfo_slug_key; Type: CONSTRAINT; Schema: public; Owner: leo_admin
--

ALTER TABLE ONLY public."AccessoryInfo"
    ADD CONSTRAINT "AccessoryInfo_slug_key" UNIQUE (slug);


--
-- Name: Address Address_pkey; Type: CONSTRAINT; Schema: public; Owner: leo_admin
--

ALTER TABLE ONLY public."Address"
    ADD CONSTRAINT "Address_pkey" PRIMARY KEY (id);


--
-- Name: Coupon_applied_product Coupon_applied_product_coupon_id_productinstanc_ed68e42c_uniq; Type: CONSTRAINT; Schema: public; Owner: leo_admin
--

ALTER TABLE ONLY public."Coupon_applied_product"
    ADD CONSTRAINT "Coupon_applied_product_coupon_id_productinstanc_ed68e42c_uniq" UNIQUE (coupon_id, productinstance_id);


--
-- Name: Coupon_applied_product Coupon_applied_product_pkey; Type: CONSTRAINT; Schema: public; Owner: leo_admin
--

ALTER TABLE ONLY public."Coupon_applied_product"
    ADD CONSTRAINT "Coupon_applied_product_pkey" PRIMARY KEY (id);


--
-- Name: Coupon Coupon_code_key; Type: CONSTRAINT; Schema: public; Owner: leo_admin
--

ALTER TABLE ONLY public."Coupon"
    ADD CONSTRAINT "Coupon_code_key" UNIQUE (code);


--
-- Name: Coupon Coupon_pkey; Type: CONSTRAINT; Schema: public; Owner: leo_admin
--

ALTER TABLE ONLY public."Coupon"
    ADD CONSTRAINT "Coupon_pkey" PRIMARY KEY (id);


--
-- Name: Coupon_valid_customer Coupon_valid_customer_coupon_id_customerinfo_id_4d233317_uniq; Type: CONSTRAINT; Schema: public; Owner: leo_admin
--

ALTER TABLE ONLY public."Coupon_valid_customer"
    ADD CONSTRAINT "Coupon_valid_customer_coupon_id_customerinfo_id_4d233317_uniq" UNIQUE (coupon_id, customerinfo_id);


--
-- Name: Coupon_valid_customer Coupon_valid_customer_pkey; Type: CONSTRAINT; Schema: public; Owner: leo_admin
--

ALTER TABLE ONLY public."Coupon_valid_customer"
    ADD CONSTRAINT "Coupon_valid_customer_pkey" PRIMARY KEY (id);


--
-- Name: CustomerInfo CustomerInfo_email_key; Type: CONSTRAINT; Schema: public; Owner: leo_admin
--

ALTER TABLE ONLY public."CustomerInfo"
    ADD CONSTRAINT "CustomerInfo_email_key" UNIQUE (username);


--
-- Name: CustomerInfo_groups CustomerInfo_groups_customerinfo_id_group_id_27010980_uniq; Type: CONSTRAINT; Schema: public; Owner: leo_admin
--

ALTER TABLE ONLY public."CustomerInfo_groups"
    ADD CONSTRAINT "CustomerInfo_groups_customerinfo_id_group_id_27010980_uniq" UNIQUE (customerinfo_id, group_id);


--
-- Name: CustomerInfo_groups CustomerInfo_groups_pkey; Type: CONSTRAINT; Schema: public; Owner: leo_admin
--

ALTER TABLE ONLY public."CustomerInfo_groups"
    ADD CONSTRAINT "CustomerInfo_groups_pkey" PRIMARY KEY (id);


--
-- Name: CustomerInfo CustomerInfo_pkey; Type: CONSTRAINT; Schema: public; Owner: leo_admin
--

ALTER TABLE ONLY public."CustomerInfo"
    ADD CONSTRAINT "CustomerInfo_pkey" PRIMARY KEY (id);


--
-- Name: CustomerInfo_user_permissions CustomerInfo_user_permis_customerinfo_id_permissi_15a1b851_uniq; Type: CONSTRAINT; Schema: public; Owner: leo_admin
--

ALTER TABLE ONLY public."CustomerInfo_user_permissions"
    ADD CONSTRAINT "CustomerInfo_user_permis_customerinfo_id_permissi_15a1b851_uniq" UNIQUE (customerinfo_id, permission_id);


--
-- Name: CustomerInfo_user_permissions CustomerInfo_user_permissions_pkey; Type: CONSTRAINT; Schema: public; Owner: leo_admin
--

ALTER TABLE ONLY public."CustomerInfo_user_permissions"
    ADD CONSTRAINT "CustomerInfo_user_permissions_pkey" PRIMARY KEY (id);


--
-- Name: CustomerSavedPayment CustomerSavedPayment_pkey; Type: CONSTRAINT; Schema: public; Owner: leo_admin
--

ALTER TABLE ONLY public."CustomerSavedPayment"
    ADD CONSTRAINT "CustomerSavedPayment_pkey" PRIMARY KEY (id);


--
-- Name: LensCoating LensCoating_pkey; Type: CONSTRAINT; Schema: public; Owner: leo_admin
--

ALTER TABLE ONLY public."LensCoating"
    ADD CONSTRAINT "LensCoating_pkey" PRIMARY KEY (id);


--
-- Name: LensColor LensColor_pkey; Type: CONSTRAINT; Schema: public; Owner: leo_admin
--

ALTER TABLE ONLY public."LensColor"
    ADD CONSTRAINT "LensColor_pkey" PRIMARY KEY (id);


--
-- Name: LensDensity LensDensity_pkey; Type: CONSTRAINT; Schema: public; Owner: leo_admin
--

ALTER TABLE ONLY public."LensDensity"
    ADD CONSTRAINT "LensDensity_pkey" PRIMARY KEY (id);


--
-- Name: LensIndex LensIndex_pkey; Type: CONSTRAINT; Schema: public; Owner: leo_admin
--

ALTER TABLE ONLY public."LensIndex"
    ADD CONSTRAINT "LensIndex_pkey" PRIMARY KEY (id);


--
-- Name: LensUsage LensUsage_pkey; Type: CONSTRAINT; Schema: public; Owner: leo_admin
--

ALTER TABLE ONLY public."LensUsage"
    ADD CONSTRAINT "LensUsage_pkey" PRIMARY KEY (id);


--
-- Name: OrderImage OrderImage_pkey; Type: CONSTRAINT; Schema: public; Owner: leo_admin
--

ALTER TABLE ONLY public."OrderImage"
    ADD CONSTRAINT "OrderImage_pkey" PRIMARY KEY (id);


--
-- Name: OrderInfo OrderInfo_pkey; Type: CONSTRAINT; Schema: public; Owner: leo_admin
--

ALTER TABLE ONLY public."OrderInfo"
    ADD CONSTRAINT "OrderInfo_pkey" PRIMARY KEY (id);


--
-- Name: OrderTax OrderTax_pkey; Type: CONSTRAINT; Schema: public; Owner: leo_admin
--

ALTER TABLE ONLY public."OrderTax"
    ADD CONSTRAINT "OrderTax_pkey" PRIMARY KEY (id);


--
-- Name: OrderUpdates OrderUpdates_pkey; Type: CONSTRAINT; Schema: public; Owner: leo_admin
--

ALTER TABLE ONLY public."OrderUpdates"
    ADD CONSTRAINT "OrderUpdates_pkey" PRIMARY KEY (id);


--
-- Name: CompleteSet Order_completeset_pkey; Type: CONSTRAINT; Schema: public; Owner: leo_admin
--

ALTER TABLE ONLY public."CompleteSet"
    ADD CONSTRAINT "Order_completeset_pkey" PRIMARY KEY (id);


--
-- Name: Payment Payment_pkey; Type: CONSTRAINT; Schema: public; Owner: leo_admin
--

ALTER TABLE ONLY public."Payment"
    ADD CONSTRAINT "Payment_pkey" PRIMARY KEY (id);


--
-- Name: Payment Payment_transaction_id_key; Type: CONSTRAINT; Schema: public; Owner: leo_admin
--

ALTER TABLE ONLY public."Payment"
    ADD CONSTRAINT "Payment_transaction_id_key" UNIQUE (transaction_id);


--
-- Name: Prescription_prescriptioninfo Prescription_prescriptioninfo_pkey; Type: CONSTRAINT; Schema: public; Owner: leo_admin
--

ALTER TABLE ONLY public."Prescription_prescriptioninfo"
    ADD CONSTRAINT "Prescription_prescriptioninfo_pkey" PRIMARY KEY (id);


--
-- Name: Prescription_prescriptionprism Prescription_prescriptionprism_pkey; Type: CONSTRAINT; Schema: public; Owner: leo_admin
--

ALTER TABLE ONLY public."Prescription_prescriptionprism"
    ADD CONSTRAINT "Prescription_prescriptionprism_pkey" PRIMARY KEY (id);


--
-- Name: ProductInfo ProductInfo_pkey; Type: CONSTRAINT; Schema: public; Owner: leo_admin
--

ALTER TABLE ONLY public."ProductInfo"
    ADD CONSTRAINT "ProductInfo_pkey" PRIMARY KEY (id);


--
-- Name: ProductInstance ProductInstance_pkey; Type: CONSTRAINT; Schema: public; Owner: leo_admin
--

ALTER TABLE ONLY public."ProductInstance"
    ADD CONSTRAINT "ProductInstance_pkey" PRIMARY KEY (id);


--
-- Name: ProductInstance ProductInstance_sku_key; Type: CONSTRAINT; Schema: public; Owner: leo_admin
--

ALTER TABLE ONLY public."ProductInstance"
    ADD CONSTRAINT "ProductInstance_sku_key" UNIQUE (sku);


--
-- Name: ProductInstance ProductInstance_slug_key; Type: CONSTRAINT; Schema: public; Owner: leo_admin
--

ALTER TABLE ONLY public."ProductInstance"
    ADD CONSTRAINT "ProductInstance_slug_key" UNIQUE (slug);


--
-- Name: ProductPromotion ProductPromotion_pkey; Type: CONSTRAINT; Schema: public; Owner: leo_admin
--

ALTER TABLE ONLY public."ProductPromotion"
    ADD CONSTRAINT "ProductPromotion_pkey" PRIMARY KEY (id);


--
-- Name: ProductPromotion_productInstance ProductPromotion_productInstance_pkey; Type: CONSTRAINT; Schema: public; Owner: leo_admin
--

ALTER TABLE ONLY public."ProductPromotion_productInstance"
    ADD CONSTRAINT "ProductPromotion_productInstance_pkey" PRIMARY KEY (id);


--
-- Name: ProductPromotion_productInstance ProductPromotion_product_productpromotion_id_prod_c5ce5046_uniq; Type: CONSTRAINT; Schema: public; Owner: leo_admin
--

ALTER TABLE ONLY public."ProductPromotion_productInstance"
    ADD CONSTRAINT "ProductPromotion_product_productpromotion_id_prod_c5ce5046_uniq" UNIQUE (productpromotion_id, productinstance_id);


--
-- Name: ProductPromotion ProductPromotion_slug_key; Type: CONSTRAINT; Schema: public; Owner: leo_admin
--

ALTER TABLE ONLY public."ProductPromotion"
    ADD CONSTRAINT "ProductPromotion_slug_key" UNIQUE (slug);


--
-- Name: ProductReview ProductReview_pkey; Type: CONSTRAINT; Schema: public; Owner: leo_admin
--

ALTER TABLE ONLY public."ProductReview"
    ADD CONSTRAINT "ProductReview_pkey" PRIMARY KEY (id);


--
-- Name: ProductReview ProductReview_slug_key; Type: CONSTRAINT; Schema: public; Owner: leo_admin
--

ALTER TABLE ONLY public."ProductReview"
    ADD CONSTRAINT "ProductReview_slug_key" UNIQUE (slug);


--
-- Name: ProductTag ProductTag_pkey; Type: CONSTRAINT; Schema: public; Owner: leo_admin
--

ALTER TABLE ONLY public."ProductTag"
    ADD CONSTRAINT "ProductTag_pkey" PRIMARY KEY (id);


--
-- Name: ProductTag_product ProductTag_product_pkey; Type: CONSTRAINT; Schema: public; Owner: leo_admin
--

ALTER TABLE ONLY public."ProductTag_product"
    ADD CONSTRAINT "ProductTag_product_pkey" PRIMARY KEY (id);


--
-- Name: ProductTag_product ProductTag_product_producttag_id_productinfo_id_29aa5480_uniq; Type: CONSTRAINT; Schema: public; Owner: leo_admin
--

ALTER TABLE ONLY public."ProductTag_product"
    ADD CONSTRAINT "ProductTag_product_producttag_id_productinfo_id_29aa5480_uniq" UNIQUE (producttag_id, productinfo_id);


--
-- Name: ProductTag ProductTag_slug_key; Type: CONSTRAINT; Schema: public; Owner: leo_admin
--

ALTER TABLE ONLY public."ProductTag"
    ADD CONSTRAINT "ProductTag_slug_key" UNIQUE (slug);


--
-- Name: ShoppingList ShoppingList_pkey; Type: CONSTRAINT; Schema: public; Owner: leo_admin
--

ALTER TABLE ONLY public."ShoppingList"
    ADD CONSTRAINT "ShoppingList_pkey" PRIMARY KEY (id);


--
-- Name: ShoppingList_product ShoppingList_product_pkey; Type: CONSTRAINT; Schema: public; Owner: leo_admin
--

ALTER TABLE ONLY public."ShoppingList_product"
    ADD CONSTRAINT "ShoppingList_product_pkey" PRIMARY KEY (id);


--
-- Name: ShoppingList_product ShoppingList_product_shoppinglist_id_complete_59ea16f4_uniq; Type: CONSTRAINT; Schema: public; Owner: leo_admin
--

ALTER TABLE ONLY public."ShoppingList_product"
    ADD CONSTRAINT "ShoppingList_product_shoppinglist_id_complete_59ea16f4_uniq" UNIQUE (shoppinglist_id, completeset_id);


--
-- Name: SupplierInfo SupplierInfo_pkey; Type: CONSTRAINT; Schema: public; Owner: leo_admin
--

ALTER TABLE ONLY public."SupplierInfo"
    ADD CONSTRAINT "SupplierInfo_pkey" PRIMARY KEY (id);


--
-- Name: auth_group auth_group_name_key; Type: CONSTRAINT; Schema: public; Owner: leo_admin
--

ALTER TABLE ONLY public.auth_group
    ADD CONSTRAINT auth_group_name_key UNIQUE (name);


--
-- Name: auth_group_permissions auth_group_permissions_group_id_permission_id_0cd325b0_uniq; Type: CONSTRAINT; Schema: public; Owner: leo_admin
--

ALTER TABLE ONLY public.auth_group_permissions
    ADD CONSTRAINT auth_group_permissions_group_id_permission_id_0cd325b0_uniq UNIQUE (group_id, permission_id);


--
-- Name: auth_group_permissions auth_group_permissions_pkey; Type: CONSTRAINT; Schema: public; Owner: leo_admin
--

ALTER TABLE ONLY public.auth_group_permissions
    ADD CONSTRAINT auth_group_permissions_pkey PRIMARY KEY (id);


--
-- Name: auth_group auth_group_pkey; Type: CONSTRAINT; Schema: public; Owner: leo_admin
--

ALTER TABLE ONLY public.auth_group
    ADD CONSTRAINT auth_group_pkey PRIMARY KEY (id);


--
-- Name: auth_permission auth_permission_content_type_id_codename_01ab375a_uniq; Type: CONSTRAINT; Schema: public; Owner: leo_admin
--

ALTER TABLE ONLY public.auth_permission
    ADD CONSTRAINT auth_permission_content_type_id_codename_01ab375a_uniq UNIQUE (content_type_id, codename);


--
-- Name: auth_permission auth_permission_pkey; Type: CONSTRAINT; Schema: public; Owner: leo_admin
--

ALTER TABLE ONLY public.auth_permission
    ADD CONSTRAINT auth_permission_pkey PRIMARY KEY (id);


--
-- Name: authtoken_token authtoken_token_pkey; Type: CONSTRAINT; Schema: public; Owner: leo_admin
--

ALTER TABLE ONLY public.authtoken_token
    ADD CONSTRAINT authtoken_token_pkey PRIMARY KEY (key);


--
-- Name: authtoken_token authtoken_token_user_id_key; Type: CONSTRAINT; Schema: public; Owner: leo_admin
--

ALTER TABLE ONLY public.authtoken_token
    ADD CONSTRAINT authtoken_token_user_id_key UNIQUE (user_id);


--
-- Name: CustomerSavedAddress customer_saved_address_pkey; Type: CONSTRAINT; Schema: public; Owner: leo_admin
--

ALTER TABLE ONLY public."CustomerSavedAddress"
    ADD CONSTRAINT customer_saved_address_pkey PRIMARY KEY (id);


--
-- Name: django_admin_log django_admin_log_pkey; Type: CONSTRAINT; Schema: public; Owner: leo_admin
--

ALTER TABLE ONLY public.django_admin_log
    ADD CONSTRAINT django_admin_log_pkey PRIMARY KEY (id);


--
-- Name: django_content_type django_content_type_app_label_model_76bd3d3b_uniq; Type: CONSTRAINT; Schema: public; Owner: leo_admin
--

ALTER TABLE ONLY public.django_content_type
    ADD CONSTRAINT django_content_type_app_label_model_76bd3d3b_uniq UNIQUE (app_label, model);


--
-- Name: django_content_type django_content_type_pkey; Type: CONSTRAINT; Schema: public; Owner: leo_admin
--

ALTER TABLE ONLY public.django_content_type
    ADD CONSTRAINT django_content_type_pkey PRIMARY KEY (id);


--
-- Name: django_migrations django_migrations_pkey; Type: CONSTRAINT; Schema: public; Owner: leo_admin
--

ALTER TABLE ONLY public.django_migrations
    ADD CONSTRAINT django_migrations_pkey PRIMARY KEY (id);


--
-- Name: django_session django_session_pkey; Type: CONSTRAINT; Schema: public; Owner: leo_admin
--

ALTER TABLE ONLY public.django_session
    ADD CONSTRAINT django_session_pkey PRIMARY KEY (session_key);


--
-- Name: django_site django_site_domain_a2e37b91_uniq; Type: CONSTRAINT; Schema: public; Owner: leo_admin
--

ALTER TABLE ONLY public.django_site
    ADD CONSTRAINT django_site_domain_a2e37b91_uniq UNIQUE (domain);


--
-- Name: django_site django_site_pkey; Type: CONSTRAINT; Schema: public; Owner: leo_admin
--

ALTER TABLE ONLY public.django_site
    ADD CONSTRAINT django_site_pkey PRIMARY KEY (id);


--
-- Name: oauth2_provider_accesstoken oauth2_provider_accesstoken_id_token_id_key; Type: CONSTRAINT; Schema: public; Owner: leo_admin
--

ALTER TABLE ONLY public.oauth2_provider_accesstoken
    ADD CONSTRAINT oauth2_provider_accesstoken_id_token_id_key UNIQUE (id_token_id);


--
-- Name: oauth2_provider_accesstoken oauth2_provider_accesstoken_pkey; Type: CONSTRAINT; Schema: public; Owner: leo_admin
--

ALTER TABLE ONLY public.oauth2_provider_accesstoken
    ADD CONSTRAINT oauth2_provider_accesstoken_pkey PRIMARY KEY (id);


--
-- Name: oauth2_provider_accesstoken oauth2_provider_accesstoken_source_refresh_token_id_key; Type: CONSTRAINT; Schema: public; Owner: leo_admin
--

ALTER TABLE ONLY public.oauth2_provider_accesstoken
    ADD CONSTRAINT oauth2_provider_accesstoken_source_refresh_token_id_key UNIQUE (source_refresh_token_id);


--
-- Name: oauth2_provider_accesstoken oauth2_provider_accesstoken_token_key; Type: CONSTRAINT; Schema: public; Owner: leo_admin
--

ALTER TABLE ONLY public.oauth2_provider_accesstoken
    ADD CONSTRAINT oauth2_provider_accesstoken_token_key UNIQUE (token);


--
-- Name: oauth2_provider_application oauth2_provider_application_client_id_key; Type: CONSTRAINT; Schema: public; Owner: leo_admin
--

ALTER TABLE ONLY public.oauth2_provider_application
    ADD CONSTRAINT oauth2_provider_application_client_id_key UNIQUE (client_id);


--
-- Name: oauth2_provider_application oauth2_provider_application_pkey; Type: CONSTRAINT; Schema: public; Owner: leo_admin
--

ALTER TABLE ONLY public.oauth2_provider_application
    ADD CONSTRAINT oauth2_provider_application_pkey PRIMARY KEY (id);


--
-- Name: oauth2_provider_grant oauth2_provider_grant_code_key; Type: CONSTRAINT; Schema: public; Owner: leo_admin
--

ALTER TABLE ONLY public.oauth2_provider_grant
    ADD CONSTRAINT oauth2_provider_grant_code_key UNIQUE (code);


--
-- Name: oauth2_provider_grant oauth2_provider_grant_pkey; Type: CONSTRAINT; Schema: public; Owner: leo_admin
--

ALTER TABLE ONLY public.oauth2_provider_grant
    ADD CONSTRAINT oauth2_provider_grant_pkey PRIMARY KEY (id);


--
-- Name: oauth2_provider_idtoken oauth2_provider_idtoken_jti_key; Type: CONSTRAINT; Schema: public; Owner: leo_admin
--

ALTER TABLE ONLY public.oauth2_provider_idtoken
    ADD CONSTRAINT oauth2_provider_idtoken_jti_key UNIQUE (jti);


--
-- Name: oauth2_provider_idtoken oauth2_provider_idtoken_pkey; Type: CONSTRAINT; Schema: public; Owner: leo_admin
--

ALTER TABLE ONLY public.oauth2_provider_idtoken
    ADD CONSTRAINT oauth2_provider_idtoken_pkey PRIMARY KEY (id);


--
-- Name: oauth2_provider_refreshtoken oauth2_provider_refreshtoken_access_token_id_key; Type: CONSTRAINT; Schema: public; Owner: leo_admin
--

ALTER TABLE ONLY public.oauth2_provider_refreshtoken
    ADD CONSTRAINT oauth2_provider_refreshtoken_access_token_id_key UNIQUE (access_token_id);


--
-- Name: oauth2_provider_refreshtoken oauth2_provider_refreshtoken_pkey; Type: CONSTRAINT; Schema: public; Owner: leo_admin
--

ALTER TABLE ONLY public.oauth2_provider_refreshtoken
    ADD CONSTRAINT oauth2_provider_refreshtoken_pkey PRIMARY KEY (id);


--
-- Name: oauth2_provider_refreshtoken oauth2_provider_refreshtoken_token_revoked_af8a5134_uniq; Type: CONSTRAINT; Schema: public; Owner: leo_admin
--

ALTER TABLE ONLY public.oauth2_provider_refreshtoken
    ADD CONSTRAINT oauth2_provider_refreshtoken_token_revoked_af8a5134_uniq UNIQUE (token, revoked);


--
-- Name: order_complete_prescription order_complete_prescription_pkey; Type: CONSTRAINT; Schema: public; Owner: leo_admin
--

ALTER TABLE ONLY public.order_complete_prescription
    ADD CONSTRAINT order_complete_prescription_pkey PRIMARY KEY (id);


--
-- Name: order_has_address order_has_address_pkey; Type: CONSTRAINT; Schema: public; Owner: leo_admin
--

ALTER TABLE ONLY public.order_has_address
    ADD CONSTRAINT order_has_address_pkey PRIMARY KEY (id);


--
-- Name: order_line_accessory order_line_accessory_pkey; Type: CONSTRAINT; Schema: public; Owner: leo_admin
--

ALTER TABLE ONLY public.order_line_accessory
    ADD CONSTRAINT order_line_accessory_pkey PRIMARY KEY (id);


--
-- Name: order_line_item order_line_item_pkey; Type: CONSTRAINT; Schema: public; Owner: leo_admin
--

ALTER TABLE ONLY public.order_line_item
    ADD CONSTRAINT order_line_item_pkey PRIMARY KEY (id);


--
-- Name: social_auth_association social_auth_association_pkey; Type: CONSTRAINT; Schema: public; Owner: leo_admin
--

ALTER TABLE ONLY public.social_auth_association
    ADD CONSTRAINT social_auth_association_pkey PRIMARY KEY (id);


--
-- Name: social_auth_association social_auth_association_server_url_handle_078befa2_uniq; Type: CONSTRAINT; Schema: public; Owner: leo_admin
--

ALTER TABLE ONLY public.social_auth_association
    ADD CONSTRAINT social_auth_association_server_url_handle_078befa2_uniq UNIQUE (server_url, handle);


--
-- Name: social_auth_code social_auth_code_email_code_801b2d02_uniq; Type: CONSTRAINT; Schema: public; Owner: leo_admin
--

ALTER TABLE ONLY public.social_auth_code
    ADD CONSTRAINT social_auth_code_email_code_801b2d02_uniq UNIQUE (email, code);


--
-- Name: social_auth_code social_auth_code_pkey; Type: CONSTRAINT; Schema: public; Owner: leo_admin
--

ALTER TABLE ONLY public.social_auth_code
    ADD CONSTRAINT social_auth_code_pkey PRIMARY KEY (id);


--
-- Name: social_auth_nonce social_auth_nonce_pkey; Type: CONSTRAINT; Schema: public; Owner: leo_admin
--

ALTER TABLE ONLY public.social_auth_nonce
    ADD CONSTRAINT social_auth_nonce_pkey PRIMARY KEY (id);


--
-- Name: social_auth_nonce social_auth_nonce_server_url_timestamp_salt_f6284463_uniq; Type: CONSTRAINT; Schema: public; Owner: leo_admin
--

ALTER TABLE ONLY public.social_auth_nonce
    ADD CONSTRAINT social_auth_nonce_server_url_timestamp_salt_f6284463_uniq UNIQUE (server_url, "timestamp", salt);


--
-- Name: social_auth_partial social_auth_partial_pkey; Type: CONSTRAINT; Schema: public; Owner: leo_admin
--

ALTER TABLE ONLY public.social_auth_partial
    ADD CONSTRAINT social_auth_partial_pkey PRIMARY KEY (id);


--
-- Name: social_auth_usersocialauth social_auth_usersocialauth_pkey; Type: CONSTRAINT; Schema: public; Owner: leo_admin
--

ALTER TABLE ONLY public.social_auth_usersocialauth
    ADD CONSTRAINT social_auth_usersocialauth_pkey PRIMARY KEY (id);


--
-- Name: social_auth_usersocialauth social_auth_usersocialauth_provider_uid_e6b5e668_uniq; Type: CONSTRAINT; Schema: public; Owner: leo_admin
--

ALTER TABLE ONLY public.social_auth_usersocialauth
    ADD CONSTRAINT social_auth_usersocialauth_provider_uid_e6b5e668_uniq UNIQUE (provider, uid);


--
-- Name: AccessoryImage_accessory_id_c4420734; Type: INDEX; Schema: public; Owner: leo_admin
--

CREATE INDEX "AccessoryImage_accessory_id_c4420734" ON public."AccessoryImage" USING btree (accessory_id);


--
-- Name: AccessoryInfo_slug_33e0b064_like; Type: INDEX; Schema: public; Owner: leo_admin
--

CREATE INDEX "AccessoryInfo_slug_33e0b064_like" ON public."AccessoryInfo" USING btree (slug varchar_pattern_ops);


--
-- Name: CompleteSet_coating_id_260b515d; Type: INDEX; Schema: public; Owner: leo_admin
--

CREATE INDEX "CompleteSet_coating_id_260b515d" ON public."CompleteSet" USING btree (coating_id);


--
-- Name: CompleteSet_color_id_bb774ecb; Type: INDEX; Schema: public; Owner: leo_admin
--

CREATE INDEX "CompleteSet_color_id_bb774ecb" ON public."CompleteSet" USING btree (color_id);


--
-- Name: CompleteSet_density_id_96f91b82; Type: INDEX; Schema: public; Owner: leo_admin
--

CREATE INDEX "CompleteSet_density_id_96f91b82" ON public."CompleteSet" USING btree (density_id);


--
-- Name: CompleteSet_index_id_1e2eebf2; Type: INDEX; Schema: public; Owner: leo_admin
--

CREATE INDEX "CompleteSet_index_id_1e2eebf2" ON public."CompleteSet" USING btree (index_id);


--
-- Name: CompleteSet_usage_id_f1abce87; Type: INDEX; Schema: public; Owner: leo_admin
--

CREATE INDEX "CompleteSet_usage_id_f1abce87" ON public."CompleteSet" USING btree (usage_id);


--
-- Name: Coupon_applied_product_coupon_id_2843e997; Type: INDEX; Schema: public; Owner: leo_admin
--

CREATE INDEX "Coupon_applied_product_coupon_id_2843e997" ON public."Coupon_applied_product" USING btree (coupon_id);


--
-- Name: Coupon_applied_product_productinstance_id_e3f7d9df; Type: INDEX; Schema: public; Owner: leo_admin
--

CREATE INDEX "Coupon_applied_product_productinstance_id_e3f7d9df" ON public."Coupon_applied_product" USING btree (productinstance_id);


--
-- Name: Coupon_code_e9351a93_like; Type: INDEX; Schema: public; Owner: leo_admin
--

CREATE INDEX "Coupon_code_e9351a93_like" ON public."Coupon" USING btree (code varchar_pattern_ops);


--
-- Name: Coupon_valid_customer_coupon_id_c2e8c67f; Type: INDEX; Schema: public; Owner: leo_admin
--

CREATE INDEX "Coupon_valid_customer_coupon_id_c2e8c67f" ON public."Coupon_valid_customer" USING btree (coupon_id);


--
-- Name: Coupon_valid_customer_customerinfo_id_21d57027; Type: INDEX; Schema: public; Owner: leo_admin
--

CREATE INDEX "Coupon_valid_customer_customerinfo_id_21d57027" ON public."Coupon_valid_customer" USING btree (customerinfo_id);


--
-- Name: CustomerInfo_email_b773bc65_like; Type: INDEX; Schema: public; Owner: leo_admin
--

CREATE INDEX "CustomerInfo_email_b773bc65_like" ON public."CustomerInfo" USING btree (username varchar_pattern_ops);


--
-- Name: CustomerInfo_groups_customerinfo_id_9e256de2; Type: INDEX; Schema: public; Owner: leo_admin
--

CREATE INDEX "CustomerInfo_groups_customerinfo_id_9e256de2" ON public."CustomerInfo_groups" USING btree (customerinfo_id);


--
-- Name: CustomerInfo_groups_group_id_d7e33387; Type: INDEX; Schema: public; Owner: leo_admin
--

CREATE INDEX "CustomerInfo_groups_group_id_d7e33387" ON public."CustomerInfo_groups" USING btree (group_id);


--
-- Name: CustomerInfo_saved_prescription_id_2cf33479; Type: INDEX; Schema: public; Owner: leo_admin
--

CREATE INDEX "CustomerInfo_saved_prescription_id_2cf33479" ON public."CustomerInfo" USING btree (saved_prescription_id);


--
-- Name: CustomerInfo_user_permissions_customerinfo_id_befd0225; Type: INDEX; Schema: public; Owner: leo_admin
--

CREATE INDEX "CustomerInfo_user_permissions_customerinfo_id_befd0225" ON public."CustomerInfo_user_permissions" USING btree (customerinfo_id);


--
-- Name: CustomerInfo_user_permissions_permission_id_493f8f42; Type: INDEX; Schema: public; Owner: leo_admin
--

CREATE INDEX "CustomerInfo_user_permissions_permission_id_493f8f42" ON public."CustomerInfo_user_permissions" USING btree (permission_id);


--
-- Name: CustomerSavedPayment_customer_id_23d0c934; Type: INDEX; Schema: public; Owner: leo_admin
--

CREATE INDEX "CustomerSavedPayment_customer_id_23d0c934" ON public."CustomerSavedPayment" USING btree (customer_id);


--
-- Name: OrderImage_order_id_b2da04dd; Type: INDEX; Schema: public; Owner: leo_admin
--

CREATE INDEX "OrderImage_order_id_b2da04dd" ON public."OrderImage" USING btree (order_id);


--
-- Name: OrderInfo_address_id_d5ea5204; Type: INDEX; Schema: public; Owner: leo_admin
--

CREATE INDEX "OrderInfo_address_id_d5ea5204" ON public."OrderInfo" USING btree (address_id);


--
-- Name: OrderTax_order_id_55a208c1; Type: INDEX; Schema: public; Owner: leo_admin
--

CREATE INDEX "OrderTax_order_id_55a208c1" ON public."OrderTax" USING btree (order_id);


--
-- Name: OrderUpdates_order_id_cf90d97a; Type: INDEX; Schema: public; Owner: leo_admin
--

CREATE INDEX "OrderUpdates_order_id_cf90d97a" ON public."OrderUpdates" USING btree (order_id);


--
-- Name: Order_completeset_frame_id_ad67c765; Type: INDEX; Schema: public; Owner: leo_admin
--

CREATE INDEX "Order_completeset_frame_id_ad67c765" ON public."CompleteSet" USING btree (frame_id);


--
-- Name: Order_completeset_order_id_077f34b9; Type: INDEX; Schema: public; Owner: leo_admin
--

CREATE INDEX "Order_completeset_order_id_077f34b9" ON public."CompleteSet" USING btree (order_id);


--
-- Name: Payment_customer_id_d552952f; Type: INDEX; Schema: public; Owner: leo_admin
--

CREATE INDEX "Payment_customer_id_d552952f" ON public."Payment" USING btree (customer_id);


--
-- Name: Payment_order_id_03532fe1; Type: INDEX; Schema: public; Owner: leo_admin
--

CREATE INDEX "Payment_order_id_03532fe1" ON public."Payment" USING btree (order_id);


--
-- Name: Payment_transaction_date_983a98ec; Type: INDEX; Schema: public; Owner: leo_admin
--

CREATE INDEX "Payment_transaction_date_983a98ec" ON public."Payment" USING btree (transaction_date);


--
-- Name: Payment_transaction_id_470331f3_like; Type: INDEX; Schema: public; Owner: leo_admin
--

CREATE INDEX "Payment_transaction_id_470331f3_like" ON public."Payment" USING btree (transaction_id varchar_pattern_ops);


--
-- Name: Payment_transaction_status_9e183b43; Type: INDEX; Schema: public; Owner: leo_admin
--

CREATE INDEX "Payment_transaction_status_9e183b43" ON public."Payment" USING btree (transaction_status);


--
-- Name: Payment_transaction_status_9e183b43_like; Type: INDEX; Schema: public; Owner: leo_admin
--

CREATE INDEX "Payment_transaction_status_9e183b43_like" ON public."Payment" USING btree (transaction_status varchar_pattern_ops);


--
-- Name: Prescription_prescriptionprism_prescription_id_27a4d3d6; Type: INDEX; Schema: public; Owner: leo_admin
--

CREATE INDEX "Prescription_prescriptionprism_prescription_id_27a4d3d6" ON public."Prescription_prescriptionprism" USING btree (prescription_id);


--
-- Name: ProductInfo_supplier_id_ac5f17b8; Type: INDEX; Schema: public; Owner: leo_admin
--

CREATE INDEX "ProductInfo_supplier_id_ac5f17b8" ON public."ProductInfo" USING btree (supplier_id);


--
-- Name: ProductInstance_product_id_484dc0f4; Type: INDEX; Schema: public; Owner: leo_admin
--

CREATE INDEX "ProductInstance_product_id_484dc0f4" ON public."ProductInstance" USING btree (product_id);


--
-- Name: ProductInstance_sku_960ee819_like; Type: INDEX; Schema: public; Owner: leo_admin
--

CREATE INDEX "ProductInstance_sku_960ee819_like" ON public."ProductInstance" USING btree (sku varchar_pattern_ops);


--
-- Name: ProductInstance_slug_34706d2b_like; Type: INDEX; Schema: public; Owner: leo_admin
--

CREATE INDEX "ProductInstance_slug_34706d2b_like" ON public."ProductInstance" USING btree (slug varchar_pattern_ops);


--
-- Name: ProductPromotion_productInstance_productinstance_id_f7cc61ba; Type: INDEX; Schema: public; Owner: leo_admin
--

CREATE INDEX "ProductPromotion_productInstance_productinstance_id_f7cc61ba" ON public."ProductPromotion_productInstance" USING btree (productinstance_id);


--
-- Name: ProductPromotion_productInstance_productpromotion_id_3a27ff3c; Type: INDEX; Schema: public; Owner: leo_admin
--

CREATE INDEX "ProductPromotion_productInstance_productpromotion_id_3a27ff3c" ON public."ProductPromotion_productInstance" USING btree (productpromotion_id);


--
-- Name: ProductPromotion_slug_0cc8d802_like; Type: INDEX; Schema: public; Owner: leo_admin
--

CREATE INDEX "ProductPromotion_slug_0cc8d802_like" ON public."ProductPromotion" USING btree (slug varchar_pattern_ops);


--
-- Name: ProductReview_approved_by_id_7716c744; Type: INDEX; Schema: public; Owner: leo_admin
--

CREATE INDEX "ProductReview_approved_by_id_7716c744" ON public."ProductReview" USING btree (approved_by_id);


--
-- Name: ProductReview_customer_id_0ea203dc; Type: INDEX; Schema: public; Owner: leo_admin
--

CREATE INDEX "ProductReview_customer_id_0ea203dc" ON public."ProductReview" USING btree (customer_id);


--
-- Name: ProductReview_product_id_0287fbd9; Type: INDEX; Schema: public; Owner: leo_admin
--

CREATE INDEX "ProductReview_product_id_0287fbd9" ON public."ProductReview" USING btree (product_id);


--
-- Name: ProductReview_slug_97fc15e6_like; Type: INDEX; Schema: public; Owner: leo_admin
--

CREATE INDEX "ProductReview_slug_97fc15e6_like" ON public."ProductReview" USING btree (slug varchar_pattern_ops);


--
-- Name: ProductTag_product_productinfo_id_896cd345; Type: INDEX; Schema: public; Owner: leo_admin
--

CREATE INDEX "ProductTag_product_productinfo_id_896cd345" ON public."ProductTag_product" USING btree (productinfo_id);


--
-- Name: ProductTag_product_producttag_id_7b9275b0; Type: INDEX; Schema: public; Owner: leo_admin
--

CREATE INDEX "ProductTag_product_producttag_id_7b9275b0" ON public."ProductTag_product" USING btree (producttag_id);


--
-- Name: ProductTag_slug_4ec94448_like; Type: INDEX; Schema: public; Owner: leo_admin
--

CREATE INDEX "ProductTag_slug_4ec94448_like" ON public."ProductTag" USING btree (slug varchar_pattern_ops);


--
-- Name: ShoppingList_customer_id_a4d476bd; Type: INDEX; Schema: public; Owner: leo_admin
--

CREATE INDEX "ShoppingList_customer_id_a4d476bd" ON public."ShoppingList" USING btree (customer_id);


--
-- Name: ShoppingList_product_completeset_id_ce83cbc1; Type: INDEX; Schema: public; Owner: leo_admin
--

CREATE INDEX "ShoppingList_product_completeset_id_ce83cbc1" ON public."ShoppingList_product" USING btree (completeset_id);


--
-- Name: ShoppingList_product_shoppinglist_id_d94ca065; Type: INDEX; Schema: public; Owner: leo_admin
--

CREATE INDEX "ShoppingList_product_shoppinglist_id_d94ca065" ON public."ShoppingList_product" USING btree (shoppinglist_id);


--
-- Name: auth_group_name_a6ea08ec_like; Type: INDEX; Schema: public; Owner: leo_admin
--

CREATE INDEX auth_group_name_a6ea08ec_like ON public.auth_group USING btree (name varchar_pattern_ops);


--
-- Name: auth_group_permissions_group_id_b120cbf9; Type: INDEX; Schema: public; Owner: leo_admin
--

CREATE INDEX auth_group_permissions_group_id_b120cbf9 ON public.auth_group_permissions USING btree (group_id);


--
-- Name: auth_group_permissions_permission_id_84c5c92e; Type: INDEX; Schema: public; Owner: leo_admin
--

CREATE INDEX auth_group_permissions_permission_id_84c5c92e ON public.auth_group_permissions USING btree (permission_id);


--
-- Name: auth_permission_content_type_id_2f476e4b; Type: INDEX; Schema: public; Owner: leo_admin
--

CREATE INDEX auth_permission_content_type_id_2f476e4b ON public.auth_permission USING btree (content_type_id);


--
-- Name: authtoken_token_key_10f0b77e_like; Type: INDEX; Schema: public; Owner: leo_admin
--

CREATE INDEX authtoken_token_key_10f0b77e_like ON public.authtoken_token USING btree (key varchar_pattern_ops);


--
-- Name: customer_saved_address_customer_id_126b40a3; Type: INDEX; Schema: public; Owner: leo_admin
--

CREATE INDEX customer_saved_address_customer_id_126b40a3 ON public."CustomerSavedAddress" USING btree (customer_id);


--
-- Name: django_admin_log_content_type_id_c4bce8eb; Type: INDEX; Schema: public; Owner: leo_admin
--

CREATE INDEX django_admin_log_content_type_id_c4bce8eb ON public.django_admin_log USING btree (content_type_id);


--
-- Name: django_admin_log_user_id_c564eba6; Type: INDEX; Schema: public; Owner: leo_admin
--

CREATE INDEX django_admin_log_user_id_c564eba6 ON public.django_admin_log USING btree (user_id);


--
-- Name: django_session_expire_date_a5c62663; Type: INDEX; Schema: public; Owner: leo_admin
--

CREATE INDEX django_session_expire_date_a5c62663 ON public.django_session USING btree (expire_date);


--
-- Name: django_session_session_key_c0390e0f_like; Type: INDEX; Schema: public; Owner: leo_admin
--

CREATE INDEX django_session_session_key_c0390e0f_like ON public.django_session USING btree (session_key varchar_pattern_ops);


--
-- Name: django_site_domain_a2e37b91_like; Type: INDEX; Schema: public; Owner: leo_admin
--

CREATE INDEX django_site_domain_a2e37b91_like ON public.django_site USING btree (domain varchar_pattern_ops);


--
-- Name: oauth2_provider_accesstoken_application_id_b22886e1; Type: INDEX; Schema: public; Owner: leo_admin
--

CREATE INDEX oauth2_provider_accesstoken_application_id_b22886e1 ON public.oauth2_provider_accesstoken USING btree (application_id);


--
-- Name: oauth2_provider_accesstoken_token_8af090f8_like; Type: INDEX; Schema: public; Owner: leo_admin
--

CREATE INDEX oauth2_provider_accesstoken_token_8af090f8_like ON public.oauth2_provider_accesstoken USING btree (token varchar_pattern_ops);


--
-- Name: oauth2_provider_accesstoken_user_id_6e4c9a65; Type: INDEX; Schema: public; Owner: leo_admin
--

CREATE INDEX oauth2_provider_accesstoken_user_id_6e4c9a65 ON public.oauth2_provider_accesstoken USING btree (user_id);


--
-- Name: oauth2_provider_application_client_id_03f0cc84_like; Type: INDEX; Schema: public; Owner: leo_admin
--

CREATE INDEX oauth2_provider_application_client_id_03f0cc84_like ON public.oauth2_provider_application USING btree (client_id varchar_pattern_ops);


--
-- Name: oauth2_provider_application_client_secret_53133678; Type: INDEX; Schema: public; Owner: leo_admin
--

CREATE INDEX oauth2_provider_application_client_secret_53133678 ON public.oauth2_provider_application USING btree (client_secret);


--
-- Name: oauth2_provider_application_client_secret_53133678_like; Type: INDEX; Schema: public; Owner: leo_admin
--

CREATE INDEX oauth2_provider_application_client_secret_53133678_like ON public.oauth2_provider_application USING btree (client_secret varchar_pattern_ops);


--
-- Name: oauth2_provider_application_user_id_79829054; Type: INDEX; Schema: public; Owner: leo_admin
--

CREATE INDEX oauth2_provider_application_user_id_79829054 ON public.oauth2_provider_application USING btree (user_id);


--
-- Name: oauth2_provider_grant_application_id_81923564; Type: INDEX; Schema: public; Owner: leo_admin
--

CREATE INDEX oauth2_provider_grant_application_id_81923564 ON public.oauth2_provider_grant USING btree (application_id);


--
-- Name: oauth2_provider_grant_code_49ab4ddf_like; Type: INDEX; Schema: public; Owner: leo_admin
--

CREATE INDEX oauth2_provider_grant_code_49ab4ddf_like ON public.oauth2_provider_grant USING btree (code varchar_pattern_ops);


--
-- Name: oauth2_provider_grant_user_id_e8f62af8; Type: INDEX; Schema: public; Owner: leo_admin
--

CREATE INDEX oauth2_provider_grant_user_id_e8f62af8 ON public.oauth2_provider_grant USING btree (user_id);


--
-- Name: oauth2_provider_idtoken_application_id_08c5ff4f; Type: INDEX; Schema: public; Owner: leo_admin
--

CREATE INDEX oauth2_provider_idtoken_application_id_08c5ff4f ON public.oauth2_provider_idtoken USING btree (application_id);


--
-- Name: oauth2_provider_idtoken_user_id_dd512b59; Type: INDEX; Schema: public; Owner: leo_admin
--

CREATE INDEX oauth2_provider_idtoken_user_id_dd512b59 ON public.oauth2_provider_idtoken USING btree (user_id);


--
-- Name: oauth2_provider_refreshtoken_application_id_2d1c311b; Type: INDEX; Schema: public; Owner: leo_admin
--

CREATE INDEX oauth2_provider_refreshtoken_application_id_2d1c311b ON public.oauth2_provider_refreshtoken USING btree (application_id);


--
-- Name: oauth2_provider_refreshtoken_user_id_da837fce; Type: INDEX; Schema: public; Owner: leo_admin
--

CREATE INDEX oauth2_provider_refreshtoken_user_id_da837fce ON public.oauth2_provider_refreshtoken USING btree (user_id);


--
-- Name: order_complete_prescription_completeSet_id_c11a448e; Type: INDEX; Schema: public; Owner: leo_admin
--

CREATE INDEX "order_complete_prescription_completeSet_id_c11a448e" ON public.order_complete_prescription USING btree ("completeSet_id");


--
-- Name: order_complete_prescription_prescription_id_dfe1a977; Type: INDEX; Schema: public; Owner: leo_admin
--

CREATE INDEX order_complete_prescription_prescription_id_dfe1a977 ON public.order_complete_prescription USING btree (prescription_id);


--
-- Name: order_has_address_address_id_5cbdcb05; Type: INDEX; Schema: public; Owner: leo_admin
--

CREATE INDEX order_has_address_address_id_5cbdcb05 ON public.order_has_address USING btree (address_id);


--
-- Name: order_has_address_order_id_7b0cd029; Type: INDEX; Schema: public; Owner: leo_admin
--

CREATE INDEX order_has_address_order_id_7b0cd029 ON public.order_has_address USING btree (order_id);


--
-- Name: order_line_accessory_accessoryID_id_b9b46a2a; Type: INDEX; Schema: public; Owner: leo_admin
--

CREATE INDEX "order_line_accessory_accessoryID_id_b9b46a2a" ON public.order_line_accessory USING btree ("accessoryID_id");


--
-- Name: order_line_accessory_orderID_id_064c0f95; Type: INDEX; Schema: public; Owner: leo_admin
--

CREATE INDEX "order_line_accessory_orderID_id_064c0f95" ON public.order_line_accessory USING btree ("orderID_id");


--
-- Name: order_line_item_order_id_5a41d292; Type: INDEX; Schema: public; Owner: leo_admin
--

CREATE INDEX order_line_item_order_id_5a41d292 ON public.order_line_item USING btree (order_id);


--
-- Name: order_line_item_product_id_2568c94e; Type: INDEX; Schema: public; Owner: leo_admin
--

CREATE INDEX order_line_item_product_id_2568c94e ON public.order_line_item USING btree (product_id);


--
-- Name: social_auth_code_code_a2393167; Type: INDEX; Schema: public; Owner: leo_admin
--

CREATE INDEX social_auth_code_code_a2393167 ON public.social_auth_code USING btree (code);


--
-- Name: social_auth_code_code_a2393167_like; Type: INDEX; Schema: public; Owner: leo_admin
--

CREATE INDEX social_auth_code_code_a2393167_like ON public.social_auth_code USING btree (code varchar_pattern_ops);


--
-- Name: social_auth_code_timestamp_176b341f; Type: INDEX; Schema: public; Owner: leo_admin
--

CREATE INDEX social_auth_code_timestamp_176b341f ON public.social_auth_code USING btree ("timestamp");


--
-- Name: social_auth_partial_timestamp_50f2119f; Type: INDEX; Schema: public; Owner: leo_admin
--

CREATE INDEX social_auth_partial_timestamp_50f2119f ON public.social_auth_partial USING btree ("timestamp");


--
-- Name: social_auth_partial_token_3017fea3; Type: INDEX; Schema: public; Owner: leo_admin
--

CREATE INDEX social_auth_partial_token_3017fea3 ON public.social_auth_partial USING btree (token);


--
-- Name: social_auth_partial_token_3017fea3_like; Type: INDEX; Schema: public; Owner: leo_admin
--

CREATE INDEX social_auth_partial_token_3017fea3_like ON public.social_auth_partial USING btree (token varchar_pattern_ops);


--
-- Name: social_auth_usersocialauth_uid_796e51dc; Type: INDEX; Schema: public; Owner: leo_admin
--

CREATE INDEX social_auth_usersocialauth_uid_796e51dc ON public.social_auth_usersocialauth USING btree (uid);


--
-- Name: social_auth_usersocialauth_uid_796e51dc_like; Type: INDEX; Schema: public; Owner: leo_admin
--

CREATE INDEX social_auth_usersocialauth_uid_796e51dc_like ON public.social_auth_usersocialauth USING btree (uid varchar_pattern_ops);


--
-- Name: social_auth_usersocialauth_user_id_17d28448; Type: INDEX; Schema: public; Owner: leo_admin
--

CREATE INDEX social_auth_usersocialauth_user_id_17d28448 ON public.social_auth_usersocialauth USING btree (user_id);


--
-- Name: AccessoryImage AccessoryImage_accessory_id_c4420734_fk_AccessoryInfo_id; Type: FK CONSTRAINT; Schema: public; Owner: leo_admin
--

ALTER TABLE ONLY public."AccessoryImage"
    ADD CONSTRAINT "AccessoryImage_accessory_id_c4420734_fk_AccessoryInfo_id" FOREIGN KEY (accessory_id) REFERENCES public."AccessoryInfo"(id) DEFERRABLE INITIALLY DEFERRED;


--
-- Name: CompleteSet CompleteSet_coating_id_260b515d_fk_LensCoating_id; Type: FK CONSTRAINT; Schema: public; Owner: leo_admin
--

ALTER TABLE ONLY public."CompleteSet"
    ADD CONSTRAINT "CompleteSet_coating_id_260b515d_fk_LensCoating_id" FOREIGN KEY (coating_id) REFERENCES public."LensCoating"(id) DEFERRABLE INITIALLY DEFERRED;


--
-- Name: CompleteSet CompleteSet_color_id_bb774ecb_fk_LensColor_id; Type: FK CONSTRAINT; Schema: public; Owner: leo_admin
--

ALTER TABLE ONLY public."CompleteSet"
    ADD CONSTRAINT "CompleteSet_color_id_bb774ecb_fk_LensColor_id" FOREIGN KEY (color_id) REFERENCES public."LensColor"(id) DEFERRABLE INITIALLY DEFERRED;


--
-- Name: CompleteSet CompleteSet_density_id_96f91b82_fk_LensDensity_id; Type: FK CONSTRAINT; Schema: public; Owner: leo_admin
--

ALTER TABLE ONLY public."CompleteSet"
    ADD CONSTRAINT "CompleteSet_density_id_96f91b82_fk_LensDensity_id" FOREIGN KEY (density_id) REFERENCES public."LensDensity"(id) DEFERRABLE INITIALLY DEFERRED;


--
-- Name: CompleteSet CompleteSet_index_id_1e2eebf2_fk_LensIndex_id; Type: FK CONSTRAINT; Schema: public; Owner: leo_admin
--

ALTER TABLE ONLY public."CompleteSet"
    ADD CONSTRAINT "CompleteSet_index_id_1e2eebf2_fk_LensIndex_id" FOREIGN KEY (index_id) REFERENCES public."LensIndex"(id) DEFERRABLE INITIALLY DEFERRED;


--
-- Name: CompleteSet CompleteSet_usage_id_f1abce87_fk_LensUsage_id; Type: FK CONSTRAINT; Schema: public; Owner: leo_admin
--

ALTER TABLE ONLY public."CompleteSet"
    ADD CONSTRAINT "CompleteSet_usage_id_f1abce87_fk_LensUsage_id" FOREIGN KEY (usage_id) REFERENCES public."LensUsage"(id) DEFERRABLE INITIALLY DEFERRED;


--
-- Name: Coupon_applied_product Coupon_applied_produ_productinstance_id_e3f7d9df_fk_ProductIn; Type: FK CONSTRAINT; Schema: public; Owner: leo_admin
--

ALTER TABLE ONLY public."Coupon_applied_product"
    ADD CONSTRAINT "Coupon_applied_produ_productinstance_id_e3f7d9df_fk_ProductIn" FOREIGN KEY (productinstance_id) REFERENCES public."ProductInstance"(id) DEFERRABLE INITIALLY DEFERRED;


--
-- Name: Coupon_applied_product Coupon_applied_product_coupon_id_2843e997_fk_Coupon_id; Type: FK CONSTRAINT; Schema: public; Owner: leo_admin
--

ALTER TABLE ONLY public."Coupon_applied_product"
    ADD CONSTRAINT "Coupon_applied_product_coupon_id_2843e997_fk_Coupon_id" FOREIGN KEY (coupon_id) REFERENCES public."Coupon"(id) DEFERRABLE INITIALLY DEFERRED;


--
-- Name: Coupon_valid_customer Coupon_valid_custome_customerinfo_id_21d57027_fk_CustomerI; Type: FK CONSTRAINT; Schema: public; Owner: leo_admin
--

ALTER TABLE ONLY public."Coupon_valid_customer"
    ADD CONSTRAINT "Coupon_valid_custome_customerinfo_id_21d57027_fk_CustomerI" FOREIGN KEY (customerinfo_id) REFERENCES public."CustomerInfo"(id) DEFERRABLE INITIALLY DEFERRED;


--
-- Name: Coupon_valid_customer Coupon_valid_customer_coupon_id_c2e8c67f_fk_Coupon_id; Type: FK CONSTRAINT; Schema: public; Owner: leo_admin
--

ALTER TABLE ONLY public."Coupon_valid_customer"
    ADD CONSTRAINT "Coupon_valid_customer_coupon_id_c2e8c67f_fk_Coupon_id" FOREIGN KEY (coupon_id) REFERENCES public."Coupon"(id) DEFERRABLE INITIALLY DEFERRED;


--
-- Name: CustomerInfo_groups CustomerInfo_groups_customerinfo_id_9e256de2_fk_CustomerInfo_id; Type: FK CONSTRAINT; Schema: public; Owner: leo_admin
--

ALTER TABLE ONLY public."CustomerInfo_groups"
    ADD CONSTRAINT "CustomerInfo_groups_customerinfo_id_9e256de2_fk_CustomerInfo_id" FOREIGN KEY (customerinfo_id) REFERENCES public."CustomerInfo"(id) DEFERRABLE INITIALLY DEFERRED;


--
-- Name: CustomerInfo_groups CustomerInfo_groups_group_id_d7e33387_fk_auth_group_id; Type: FK CONSTRAINT; Schema: public; Owner: leo_admin
--

ALTER TABLE ONLY public."CustomerInfo_groups"
    ADD CONSTRAINT "CustomerInfo_groups_group_id_d7e33387_fk_auth_group_id" FOREIGN KEY (group_id) REFERENCES public.auth_group(id) DEFERRABLE INITIALLY DEFERRED;


--
-- Name: CustomerInfo CustomerInfo_saved_prescription_i_2cf33479_fk_Prescript; Type: FK CONSTRAINT; Schema: public; Owner: leo_admin
--

ALTER TABLE ONLY public."CustomerInfo"
    ADD CONSTRAINT "CustomerInfo_saved_prescription_i_2cf33479_fk_Prescript" FOREIGN KEY (saved_prescription_id) REFERENCES public."Prescription_prescriptioninfo"(id) DEFERRABLE INITIALLY DEFERRED;


--
-- Name: CustomerInfo_user_permissions CustomerInfo_user_pe_customerinfo_id_befd0225_fk_CustomerI; Type: FK CONSTRAINT; Schema: public; Owner: leo_admin
--

ALTER TABLE ONLY public."CustomerInfo_user_permissions"
    ADD CONSTRAINT "CustomerInfo_user_pe_customerinfo_id_befd0225_fk_CustomerI" FOREIGN KEY (customerinfo_id) REFERENCES public."CustomerInfo"(id) DEFERRABLE INITIALLY DEFERRED;


--
-- Name: CustomerInfo_user_permissions CustomerInfo_user_pe_permission_id_493f8f42_fk_auth_perm; Type: FK CONSTRAINT; Schema: public; Owner: leo_admin
--

ALTER TABLE ONLY public."CustomerInfo_user_permissions"
    ADD CONSTRAINT "CustomerInfo_user_pe_permission_id_493f8f42_fk_auth_perm" FOREIGN KEY (permission_id) REFERENCES public.auth_permission(id) DEFERRABLE INITIALLY DEFERRED;


--
-- Name: CustomerSavedPayment CustomerSavedPayment_customer_id_23d0c934_fk_CustomerInfo_id; Type: FK CONSTRAINT; Schema: public; Owner: leo_admin
--

ALTER TABLE ONLY public."CustomerSavedPayment"
    ADD CONSTRAINT "CustomerSavedPayment_customer_id_23d0c934_fk_CustomerInfo_id" FOREIGN KEY (customer_id) REFERENCES public."CustomerInfo"(id) DEFERRABLE INITIALLY DEFERRED;


--
-- Name: OrderImage OrderImage_order_id_b2da04dd_fk_OrderInfo_id; Type: FK CONSTRAINT; Schema: public; Owner: leo_admin
--

ALTER TABLE ONLY public."OrderImage"
    ADD CONSTRAINT "OrderImage_order_id_b2da04dd_fk_OrderInfo_id" FOREIGN KEY (order_id) REFERENCES public."OrderInfo"(id) DEFERRABLE INITIALLY DEFERRED;


--
-- Name: OrderInfo OrderInfo_address_id_d5ea5204_fk_Address_id; Type: FK CONSTRAINT; Schema: public; Owner: leo_admin
--

ALTER TABLE ONLY public."OrderInfo"
    ADD CONSTRAINT "OrderInfo_address_id_d5ea5204_fk_Address_id" FOREIGN KEY (address_id) REFERENCES public."Address"(id) DEFERRABLE INITIALLY DEFERRED;


--
-- Name: OrderTax OrderTax_order_id_55a208c1_fk_OrderInfo_id; Type: FK CONSTRAINT; Schema: public; Owner: leo_admin
--

ALTER TABLE ONLY public."OrderTax"
    ADD CONSTRAINT "OrderTax_order_id_55a208c1_fk_OrderInfo_id" FOREIGN KEY (order_id) REFERENCES public."OrderInfo"(id) DEFERRABLE INITIALLY DEFERRED;


--
-- Name: OrderUpdates OrderUpdates_order_id_cf90d97a_fk_OrderInfo_id; Type: FK CONSTRAINT; Schema: public; Owner: leo_admin
--

ALTER TABLE ONLY public."OrderUpdates"
    ADD CONSTRAINT "OrderUpdates_order_id_cf90d97a_fk_OrderInfo_id" FOREIGN KEY (order_id) REFERENCES public."OrderInfo"(id) DEFERRABLE INITIALLY DEFERRED;


--
-- Name: CompleteSet Order_completeset_frame_id_ad67c765_fk_ProductInstance_id; Type: FK CONSTRAINT; Schema: public; Owner: leo_admin
--

ALTER TABLE ONLY public."CompleteSet"
    ADD CONSTRAINT "Order_completeset_frame_id_ad67c765_fk_ProductInstance_id" FOREIGN KEY (frame_id) REFERENCES public."ProductInstance"(id) DEFERRABLE INITIALLY DEFERRED;


--
-- Name: CompleteSet Order_completeset_order_id_077f34b9_fk_OrderInfo_id; Type: FK CONSTRAINT; Schema: public; Owner: leo_admin
--

ALTER TABLE ONLY public."CompleteSet"
    ADD CONSTRAINT "Order_completeset_order_id_077f34b9_fk_OrderInfo_id" FOREIGN KEY (order_id) REFERENCES public."OrderInfo"(id) DEFERRABLE INITIALLY DEFERRED;


--
-- Name: Payment Payment_customer_id_d552952f_fk_CustomerInfo_id; Type: FK CONSTRAINT; Schema: public; Owner: leo_admin
--

ALTER TABLE ONLY public."Payment"
    ADD CONSTRAINT "Payment_customer_id_d552952f_fk_CustomerInfo_id" FOREIGN KEY (customer_id) REFERENCES public."CustomerInfo"(id) DEFERRABLE INITIALLY DEFERRED;


--
-- Name: Payment Payment_order_id_03532fe1_fk_OrderInfo_id; Type: FK CONSTRAINT; Schema: public; Owner: leo_admin
--

ALTER TABLE ONLY public."Payment"
    ADD CONSTRAINT "Payment_order_id_03532fe1_fk_OrderInfo_id" FOREIGN KEY (order_id) REFERENCES public."OrderInfo"(id) DEFERRABLE INITIALLY DEFERRED;


--
-- Name: Prescription_prescriptionprism Prescription_prescri_prescription_id_27a4d3d6_fk_Prescript; Type: FK CONSTRAINT; Schema: public; Owner: leo_admin
--

ALTER TABLE ONLY public."Prescription_prescriptionprism"
    ADD CONSTRAINT "Prescription_prescri_prescription_id_27a4d3d6_fk_Prescript" FOREIGN KEY (prescription_id) REFERENCES public."Prescription_prescriptioninfo"(id) DEFERRABLE INITIALLY DEFERRED;


--
-- Name: ProductInfo ProductInfo_supplier_id_ac5f17b8_fk_SupplierInfo_id; Type: FK CONSTRAINT; Schema: public; Owner: leo_admin
--

ALTER TABLE ONLY public."ProductInfo"
    ADD CONSTRAINT "ProductInfo_supplier_id_ac5f17b8_fk_SupplierInfo_id" FOREIGN KEY (supplier_id) REFERENCES public."SupplierInfo"(id) DEFERRABLE INITIALLY DEFERRED;


--
-- Name: ProductInstance ProductInstance_product_id_484dc0f4_fk_ProductInfo_id; Type: FK CONSTRAINT; Schema: public; Owner: leo_admin
--

ALTER TABLE ONLY public."ProductInstance"
    ADD CONSTRAINT "ProductInstance_product_id_484dc0f4_fk_ProductInfo_id" FOREIGN KEY (product_id) REFERENCES public."ProductInfo"(id) DEFERRABLE INITIALLY DEFERRED;


--
-- Name: ProductPromotion_productInstance ProductPromotion_pro_productinstance_id_f7cc61ba_fk_ProductIn; Type: FK CONSTRAINT; Schema: public; Owner: leo_admin
--

ALTER TABLE ONLY public."ProductPromotion_productInstance"
    ADD CONSTRAINT "ProductPromotion_pro_productinstance_id_f7cc61ba_fk_ProductIn" FOREIGN KEY (productinstance_id) REFERENCES public."ProductInstance"(id) DEFERRABLE INITIALLY DEFERRED;


--
-- Name: ProductPromotion_productInstance ProductPromotion_pro_productpromotion_id_3a27ff3c_fk_ProductPr; Type: FK CONSTRAINT; Schema: public; Owner: leo_admin
--

ALTER TABLE ONLY public."ProductPromotion_productInstance"
    ADD CONSTRAINT "ProductPromotion_pro_productpromotion_id_3a27ff3c_fk_ProductPr" FOREIGN KEY (productpromotion_id) REFERENCES public."ProductPromotion"(id) DEFERRABLE INITIALLY DEFERRED;


--
-- Name: ProductReview ProductReview_approved_by_id_7716c744_fk_CustomerInfo_id; Type: FK CONSTRAINT; Schema: public; Owner: leo_admin
--

ALTER TABLE ONLY public."ProductReview"
    ADD CONSTRAINT "ProductReview_approved_by_id_7716c744_fk_CustomerInfo_id" FOREIGN KEY (approved_by_id) REFERENCES public."CustomerInfo"(id) DEFERRABLE INITIALLY DEFERRED;


--
-- Name: ProductReview ProductReview_customer_id_0ea203dc_fk_CustomerInfo_id; Type: FK CONSTRAINT; Schema: public; Owner: leo_admin
--

ALTER TABLE ONLY public."ProductReview"
    ADD CONSTRAINT "ProductReview_customer_id_0ea203dc_fk_CustomerInfo_id" FOREIGN KEY (customer_id) REFERENCES public."CustomerInfo"(id) DEFERRABLE INITIALLY DEFERRED;


--
-- Name: ProductReview ProductReview_product_id_0287fbd9_fk_ProductInfo_id; Type: FK CONSTRAINT; Schema: public; Owner: leo_admin
--

ALTER TABLE ONLY public."ProductReview"
    ADD CONSTRAINT "ProductReview_product_id_0287fbd9_fk_ProductInfo_id" FOREIGN KEY (product_id) REFERENCES public."ProductInfo"(id) DEFERRABLE INITIALLY DEFERRED;


--
-- Name: ProductTag_product ProductTag_product_productinfo_id_896cd345_fk_ProductInfo_id; Type: FK CONSTRAINT; Schema: public; Owner: leo_admin
--

ALTER TABLE ONLY public."ProductTag_product"
    ADD CONSTRAINT "ProductTag_product_productinfo_id_896cd345_fk_ProductInfo_id" FOREIGN KEY (productinfo_id) REFERENCES public."ProductInfo"(id) DEFERRABLE INITIALLY DEFERRED;


--
-- Name: ProductTag_product ProductTag_product_producttag_id_7b9275b0_fk_ProductTag_id; Type: FK CONSTRAINT; Schema: public; Owner: leo_admin
--

ALTER TABLE ONLY public."ProductTag_product"
    ADD CONSTRAINT "ProductTag_product_producttag_id_7b9275b0_fk_ProductTag_id" FOREIGN KEY (producttag_id) REFERENCES public."ProductTag"(id) DEFERRABLE INITIALLY DEFERRED;


--
-- Name: ShoppingList ShoppingList_customer_id_a4d476bd_fk_CustomerInfo_id; Type: FK CONSTRAINT; Schema: public; Owner: leo_admin
--

ALTER TABLE ONLY public."ShoppingList"
    ADD CONSTRAINT "ShoppingList_customer_id_a4d476bd_fk_CustomerInfo_id" FOREIGN KEY (customer_id) REFERENCES public."CustomerInfo"(id) DEFERRABLE INITIALLY DEFERRED;


--
-- Name: ShoppingList_product ShoppingList_product_completeset_id_ce83cbc1_fk_CompleteSet_id; Type: FK CONSTRAINT; Schema: public; Owner: leo_admin
--

ALTER TABLE ONLY public."ShoppingList_product"
    ADD CONSTRAINT "ShoppingList_product_completeset_id_ce83cbc1_fk_CompleteSet_id" FOREIGN KEY (completeset_id) REFERENCES public."CompleteSet"(id) DEFERRABLE INITIALLY DEFERRED;


--
-- Name: ShoppingList_product ShoppingList_product_shoppinglist_id_d94ca065_fk_ShoppingL; Type: FK CONSTRAINT; Schema: public; Owner: leo_admin
--

ALTER TABLE ONLY public."ShoppingList_product"
    ADD CONSTRAINT "ShoppingList_product_shoppinglist_id_d94ca065_fk_ShoppingL" FOREIGN KEY (shoppinglist_id) REFERENCES public."ShoppingList"(id) DEFERRABLE INITIALLY DEFERRED;


--
-- Name: auth_group_permissions auth_group_permissio_permission_id_84c5c92e_fk_auth_perm; Type: FK CONSTRAINT; Schema: public; Owner: leo_admin
--

ALTER TABLE ONLY public.auth_group_permissions
    ADD CONSTRAINT auth_group_permissio_permission_id_84c5c92e_fk_auth_perm FOREIGN KEY (permission_id) REFERENCES public.auth_permission(id) DEFERRABLE INITIALLY DEFERRED;


--
-- Name: auth_group_permissions auth_group_permissions_group_id_b120cbf9_fk_auth_group_id; Type: FK CONSTRAINT; Schema: public; Owner: leo_admin
--

ALTER TABLE ONLY public.auth_group_permissions
    ADD CONSTRAINT auth_group_permissions_group_id_b120cbf9_fk_auth_group_id FOREIGN KEY (group_id) REFERENCES public.auth_group(id) DEFERRABLE INITIALLY DEFERRED;


--
-- Name: auth_permission auth_permission_content_type_id_2f476e4b_fk_django_co; Type: FK CONSTRAINT; Schema: public; Owner: leo_admin
--

ALTER TABLE ONLY public.auth_permission
    ADD CONSTRAINT auth_permission_content_type_id_2f476e4b_fk_django_co FOREIGN KEY (content_type_id) REFERENCES public.django_content_type(id) DEFERRABLE INITIALLY DEFERRED;


--
-- Name: authtoken_token authtoken_token_user_id_35299eff_fk_CustomerInfo_id; Type: FK CONSTRAINT; Schema: public; Owner: leo_admin
--

ALTER TABLE ONLY public.authtoken_token
    ADD CONSTRAINT "authtoken_token_user_id_35299eff_fk_CustomerInfo_id" FOREIGN KEY (user_id) REFERENCES public."CustomerInfo"(id) DEFERRABLE INITIALLY DEFERRED;


--
-- Name: CustomerSavedAddress customer_saved_address_customer_id_126b40a3_fk_CustomerInfo_id; Type: FK CONSTRAINT; Schema: public; Owner: leo_admin
--

ALTER TABLE ONLY public."CustomerSavedAddress"
    ADD CONSTRAINT "customer_saved_address_customer_id_126b40a3_fk_CustomerInfo_id" FOREIGN KEY (customer_id) REFERENCES public."CustomerInfo"(id) DEFERRABLE INITIALLY DEFERRED;


--
-- Name: django_admin_log django_admin_log_content_type_id_c4bce8eb_fk_django_co; Type: FK CONSTRAINT; Schema: public; Owner: leo_admin
--

ALTER TABLE ONLY public.django_admin_log
    ADD CONSTRAINT django_admin_log_content_type_id_c4bce8eb_fk_django_co FOREIGN KEY (content_type_id) REFERENCES public.django_content_type(id) DEFERRABLE INITIALLY DEFERRED;


--
-- Name: django_admin_log django_admin_log_user_id_c564eba6_fk_CustomerInfo_id; Type: FK CONSTRAINT; Schema: public; Owner: leo_admin
--

ALTER TABLE ONLY public.django_admin_log
    ADD CONSTRAINT "django_admin_log_user_id_c564eba6_fk_CustomerInfo_id" FOREIGN KEY (user_id) REFERENCES public."CustomerInfo"(id) DEFERRABLE INITIALLY DEFERRED;


--
-- Name: oauth2_provider_accesstoken oauth2_provider_acce_application_id_b22886e1_fk_oauth2_pr; Type: FK CONSTRAINT; Schema: public; Owner: leo_admin
--

ALTER TABLE ONLY public.oauth2_provider_accesstoken
    ADD CONSTRAINT oauth2_provider_acce_application_id_b22886e1_fk_oauth2_pr FOREIGN KEY (application_id) REFERENCES public.oauth2_provider_application(id) DEFERRABLE INITIALLY DEFERRED;


--
-- Name: oauth2_provider_accesstoken oauth2_provider_acce_id_token_id_85db651b_fk_oauth2_pr; Type: FK CONSTRAINT; Schema: public; Owner: leo_admin
--

ALTER TABLE ONLY public.oauth2_provider_accesstoken
    ADD CONSTRAINT oauth2_provider_acce_id_token_id_85db651b_fk_oauth2_pr FOREIGN KEY (id_token_id) REFERENCES public.oauth2_provider_idtoken(id) DEFERRABLE INITIALLY DEFERRED;


--
-- Name: oauth2_provider_accesstoken oauth2_provider_acce_source_refresh_token_e66fbc72_fk_oauth2_pr; Type: FK CONSTRAINT; Schema: public; Owner: leo_admin
--

ALTER TABLE ONLY public.oauth2_provider_accesstoken
    ADD CONSTRAINT oauth2_provider_acce_source_refresh_token_e66fbc72_fk_oauth2_pr FOREIGN KEY (source_refresh_token_id) REFERENCES public.oauth2_provider_refreshtoken(id) DEFERRABLE INITIALLY DEFERRED;


--
-- Name: oauth2_provider_accesstoken oauth2_provider_accesstoken_user_id_6e4c9a65_fk_CustomerInfo_id; Type: FK CONSTRAINT; Schema: public; Owner: leo_admin
--

ALTER TABLE ONLY public.oauth2_provider_accesstoken
    ADD CONSTRAINT "oauth2_provider_accesstoken_user_id_6e4c9a65_fk_CustomerInfo_id" FOREIGN KEY (user_id) REFERENCES public."CustomerInfo"(id) DEFERRABLE INITIALLY DEFERRED;


--
-- Name: oauth2_provider_application oauth2_provider_application_user_id_79829054_fk_CustomerInfo_id; Type: FK CONSTRAINT; Schema: public; Owner: leo_admin
--

ALTER TABLE ONLY public.oauth2_provider_application
    ADD CONSTRAINT "oauth2_provider_application_user_id_79829054_fk_CustomerInfo_id" FOREIGN KEY (user_id) REFERENCES public."CustomerInfo"(id) DEFERRABLE INITIALLY DEFERRED;


--
-- Name: oauth2_provider_grant oauth2_provider_gran_application_id_81923564_fk_oauth2_pr; Type: FK CONSTRAINT; Schema: public; Owner: leo_admin
--

ALTER TABLE ONLY public.oauth2_provider_grant
    ADD CONSTRAINT oauth2_provider_gran_application_id_81923564_fk_oauth2_pr FOREIGN KEY (application_id) REFERENCES public.oauth2_provider_application(id) DEFERRABLE INITIALLY DEFERRED;


--
-- Name: oauth2_provider_grant oauth2_provider_grant_user_id_e8f62af8_fk_CustomerInfo_id; Type: FK CONSTRAINT; Schema: public; Owner: leo_admin
--

ALTER TABLE ONLY public.oauth2_provider_grant
    ADD CONSTRAINT "oauth2_provider_grant_user_id_e8f62af8_fk_CustomerInfo_id" FOREIGN KEY (user_id) REFERENCES public."CustomerInfo"(id) DEFERRABLE INITIALLY DEFERRED;


--
-- Name: oauth2_provider_idtoken oauth2_provider_idto_application_id_08c5ff4f_fk_oauth2_pr; Type: FK CONSTRAINT; Schema: public; Owner: leo_admin
--

ALTER TABLE ONLY public.oauth2_provider_idtoken
    ADD CONSTRAINT oauth2_provider_idto_application_id_08c5ff4f_fk_oauth2_pr FOREIGN KEY (application_id) REFERENCES public.oauth2_provider_application(id) DEFERRABLE INITIALLY DEFERRED;


--
-- Name: oauth2_provider_idtoken oauth2_provider_idtoken_user_id_dd512b59_fk_CustomerInfo_id; Type: FK CONSTRAINT; Schema: public; Owner: leo_admin
--

ALTER TABLE ONLY public.oauth2_provider_idtoken
    ADD CONSTRAINT "oauth2_provider_idtoken_user_id_dd512b59_fk_CustomerInfo_id" FOREIGN KEY (user_id) REFERENCES public."CustomerInfo"(id) DEFERRABLE INITIALLY DEFERRED;


--
-- Name: oauth2_provider_refreshtoken oauth2_provider_refr_access_token_id_775e84e8_fk_oauth2_pr; Type: FK CONSTRAINT; Schema: public; Owner: leo_admin
--

ALTER TABLE ONLY public.oauth2_provider_refreshtoken
    ADD CONSTRAINT oauth2_provider_refr_access_token_id_775e84e8_fk_oauth2_pr FOREIGN KEY (access_token_id) REFERENCES public.oauth2_provider_accesstoken(id) DEFERRABLE INITIALLY DEFERRED;


--
-- Name: oauth2_provider_refreshtoken oauth2_provider_refr_application_id_2d1c311b_fk_oauth2_pr; Type: FK CONSTRAINT; Schema: public; Owner: leo_admin
--

ALTER TABLE ONLY public.oauth2_provider_refreshtoken
    ADD CONSTRAINT oauth2_provider_refr_application_id_2d1c311b_fk_oauth2_pr FOREIGN KEY (application_id) REFERENCES public.oauth2_provider_application(id) DEFERRABLE INITIALLY DEFERRED;


--
-- Name: oauth2_provider_refreshtoken oauth2_provider_refr_user_id_da837fce_fk_CustomerI; Type: FK CONSTRAINT; Schema: public; Owner: leo_admin
--

ALTER TABLE ONLY public.oauth2_provider_refreshtoken
    ADD CONSTRAINT "oauth2_provider_refr_user_id_da837fce_fk_CustomerI" FOREIGN KEY (user_id) REFERENCES public."CustomerInfo"(id) DEFERRABLE INITIALLY DEFERRED;


--
-- Name: order_complete_prescription order_complete_presc_completeSet_id_c11a448e_fk_Order_com; Type: FK CONSTRAINT; Schema: public; Owner: leo_admin
--

ALTER TABLE ONLY public.order_complete_prescription
    ADD CONSTRAINT "order_complete_presc_completeSet_id_c11a448e_fk_Order_com" FOREIGN KEY ("completeSet_id") REFERENCES public."CompleteSet"(id) DEFERRABLE INITIALLY DEFERRED;


--
-- Name: order_complete_prescription order_complete_presc_prescription_id_dfe1a977_fk_Prescript; Type: FK CONSTRAINT; Schema: public; Owner: leo_admin
--

ALTER TABLE ONLY public.order_complete_prescription
    ADD CONSTRAINT "order_complete_presc_prescription_id_dfe1a977_fk_Prescript" FOREIGN KEY (prescription_id) REFERENCES public."Prescription_prescriptioninfo"(id) DEFERRABLE INITIALLY DEFERRED;


--
-- Name: order_has_address order_has_address_address_id_5cbdcb05_fk_Address_id; Type: FK CONSTRAINT; Schema: public; Owner: leo_admin
--

ALTER TABLE ONLY public.order_has_address
    ADD CONSTRAINT "order_has_address_address_id_5cbdcb05_fk_Address_id" FOREIGN KEY (address_id) REFERENCES public."Address"(id) DEFERRABLE INITIALLY DEFERRED;


--
-- Name: order_has_address order_has_address_order_id_7b0cd029_fk_OrderInfo_id; Type: FK CONSTRAINT; Schema: public; Owner: leo_admin
--

ALTER TABLE ONLY public.order_has_address
    ADD CONSTRAINT "order_has_address_order_id_7b0cd029_fk_OrderInfo_id" FOREIGN KEY (order_id) REFERENCES public."OrderInfo"(id) DEFERRABLE INITIALLY DEFERRED;


--
-- Name: order_line_accessory order_line_accessory_accessoryID_id_b9b46a2a_fk_Accessory; Type: FK CONSTRAINT; Schema: public; Owner: leo_admin
--

ALTER TABLE ONLY public.order_line_accessory
    ADD CONSTRAINT "order_line_accessory_accessoryID_id_b9b46a2a_fk_Accessory" FOREIGN KEY ("accessoryID_id") REFERENCES public."AccessoryInfo"(id) DEFERRABLE INITIALLY DEFERRED;


--
-- Name: order_line_accessory order_line_accessory_orderID_id_064c0f95_fk_OrderInfo_id; Type: FK CONSTRAINT; Schema: public; Owner: leo_admin
--

ALTER TABLE ONLY public.order_line_accessory
    ADD CONSTRAINT "order_line_accessory_orderID_id_064c0f95_fk_OrderInfo_id" FOREIGN KEY ("orderID_id") REFERENCES public."OrderInfo"(id) DEFERRABLE INITIALLY DEFERRED;


--
-- Name: order_line_item order_line_item_order_id_5a41d292_fk_OrderInfo_id; Type: FK CONSTRAINT; Schema: public; Owner: leo_admin
--

ALTER TABLE ONLY public.order_line_item
    ADD CONSTRAINT "order_line_item_order_id_5a41d292_fk_OrderInfo_id" FOREIGN KEY (order_id) REFERENCES public."OrderInfo"(id) DEFERRABLE INITIALLY DEFERRED;


--
-- Name: order_line_item order_line_item_product_id_2568c94e_fk_ProductInstance_id; Type: FK CONSTRAINT; Schema: public; Owner: leo_admin
--

ALTER TABLE ONLY public.order_line_item
    ADD CONSTRAINT "order_line_item_product_id_2568c94e_fk_ProductInstance_id" FOREIGN KEY (product_id) REFERENCES public."ProductInstance"(id) DEFERRABLE INITIALLY DEFERRED;


--
-- Name: social_auth_usersocialauth social_auth_usersocialauth_user_id_17d28448_fk_CustomerInfo_id; Type: FK CONSTRAINT; Schema: public; Owner: leo_admin
--

ALTER TABLE ONLY public.social_auth_usersocialauth
    ADD CONSTRAINT "social_auth_usersocialauth_user_id_17d28448_fk_CustomerInfo_id" FOREIGN KEY (user_id) REFERENCES public."CustomerInfo"(id) DEFERRABLE INITIALLY DEFERRED;


--
-- PostgreSQL database dump complete
--

